country,location,name,nameWoDiacritics,subdivision,status,function,iata,lat,lon,geocoded
JP,ABA,Abashiri,Abashiri,01,AF,1-------,,44.0206027,144.2732035,true
JP,AKC,Abiko,Abiko,12,AF,-----6--,,35.86666666666667,140.03333333333333,
JP,ABS,Abohshita,Abohshita,42,AF,1-------,,,,
JP,ABO,Aboshi/Himeji,Aboshi/Himeji,28,AF,1-------,,,,
JP,ABU,Aburatsu,Aburatsu,45,AF,1-------,,31.582929,131.408115,true
JP,ABT,Abuto,Abuto,34,AF,1-------,,,,
JP,ADA,Adachi,Adachi,13,RL,-23-----,,35.78333333333333,139.8,
JP,ADE,Ade,Ade,28,AF,1-------,,,,
JP,ADO,Ado,Ado,37,AF,1-------,,33.95625,135.11333,true
JP,AGA,Aga Niigata,Aga Niigata,15,AF,-----6--,,37.833333333333336,139.21666666666667,
JP,AG2,Agano,Agano,15,AM,--3--6--,,37.833333333333336,139.21666666666667,
JP,AGN,Agenosho,Agenosho,35,AF,1-------,,33.9048694,132.2896263,true
JP,AGO,Ageo,Ageo,11,RQ,-----6--,,35.96666666666667,139.58333333333334,
JP,AGE,"Ageo-Shi, Saitama","Ageo-Shi, Saitama",11,RL,--3-----,,35.96666666666667,139.58333333333334,
JP,AGS,Ageshima,Ageshima,37,AF,1-------,,34.445488,133.981892745283,true
JP,AGR,Agonoura,Agonoura,47,AF,1-------,,,,
JP,AGC,Agui Aichi,Agui Aichi,23,AF,-----6--,,34.93333333333333,136.9,
JP,AGJ,Aguni,Aguni,47,AI,1--4----,,26.59287525,127.2398070922861,true
JP,AKZ,Aika,Aika,32,AF,1-------,,35.19004925,136.83352133888852,true
JP,AKI,Aikakita,Aikakita,32,AF,1-------,,,,
JP,AIW,"Aikawa, Nagasaki","Aikawa, Nagasaki",42,AF,1-------,,32.7501611,129.8781002,true
JP,AIK,"Aikawa, Niigata","Aikawa, Niigata",15,AF,1-------,,37.9163757,139.0365062,true
JP,AIN,Ainoura/Sasebo,Ainoura/Sasebo,42,AF,1-------,,34.1687,135.58983,true
JP,AIA,Ainouraaoki/Naru,Ainouraaoki/Naru,42,AF,1-------,,,,
JP,AII,Aio,Aio,35,AF,1-------,,33.994895,131.4344662,true
JP,AIO,Aioi,Aioi,28,AF,1-------,,34.78333333333333,134.46666666666667,
JP,AIR,Aira,Aira,46,AF,-23-----,,31.733333333333334,130.63333333333333,
JP,AIS,Aisai,Aisai,23,RQ,-----6--,,35.166666666666664,136.68333333333334,
JP,AIM,Aishima,Aishima,35,AF,1-------,,34.507651,131.28186835148517,true
JP,AIZ,"Aizu, Kumamoto","Aizu, Kumamoto",43,AF,1-------,,32.8033909,130.7082737,true
JP,AHF,"Aizubange, Fukushima","Aizubange, Fukushima",07,AF,-----6--,,37.65,139.81666666666666,
JP,ZIS,"Aizumisato, Fukushima","Aizumisato, Fukushima",07,AF,-----6--,,37.45,139.83333333333334,
JP,AKU,Aizuwakamatsu,Aizuwakamatsu,,RL,-23-----,,37.45,139.96666666666667,
JP,AJX,Aja,Aja,47,AF,1-------,,26.2390945,127.6901919,true
JP,AJI,Aji,Aji,37,AF,1-------,,34.3773817,134.1425154718298,true
JP,AJK,Ajigasawa,Ajigasawa,02,AF,1-------,,40.7830009,140.2339123,true
JP,AJN,Ajino,Ajino,33,AF,1-------,,34.466845,133.800866,true
JP,AZR,"Ajiro, Okayama","Ajiro, Okayama",33,AF,1-------,,34.6553944,133.9194595,true
JP,AJR,"Ajiro, Shizuoka","Ajiro, Shizuoka",22,AF,1-------,,34.9751974,138.3831697,true
JP,AZJ,"Ajiro, Tottori","Ajiro, Tottori",31,AF,1-------,,35.4943948,134.2219282,true
JP,ACH,Ajisu,Ajisu,35,AF,1-------,,34.01527,131.36136,true
JP,AKD,Akadomari,Akadomari,15,AF,1-------,,43.1447339,145.181601,true
JP,AKX,Akaiwa,Akaiwa,33,RL,--3-----,,34.833333333333336,134.03333333333333,
JP,AKG,Akakina,Akakina,46,AF,1-------,,,,
JP,AKM,Akamizu,Akamizu,46,AF,1-------,,31.573594,130.614036,true
JP,AKK,"Akasaki, Kumamoto","Akasaki, Kumamoto",43,AF,1-------,,32.8033909,130.7082737,true
JP,ASK,"Akasaki, Tottori","Akasaki, Tottori",31,AF,1-------,,35.4943948,134.2219282,true
JP,AKA,Akashi,Akashi,28,AF,1-------,,34.6482884,134.993215,true
JP,AKH,Akehama,Akehama,38,AF,1-------,,33.32092,132.43225,true
JP,KFK,"Aki, Kochi","Aki, Kochi",39,AF,-----6--,,33.5,133.9,
JP,AIG,Aki-gun/Hiroshima,Aki-gun/Hiroshima,34,AF,1-------,,34.333333333333336,132.53333333333333,
JP,MAA,Akishima,Akishima,13,AF,--3-----,,35.7,139.35,
JP,AXT,Akita,Akita,05,AF,1--4----,,39.614368,140.22018743183352,true
JP,AFG,Akitafunagawa,Akitafunagawa,05,RQ,1-------,,39.88333333333333,139.95,
JP,AKT,Akitsu,Akitsu,34,AF,1-------,,38.0676308,138.4154391,true
JP,AKE,Akkeshi,Akkeshi,01,AF,1-------,,43.0518221,144.8476917,true
JP,AKO,Akoh,Akoh,28,AF,1-------,,,,
JP,AKB,Akohbaru,Akohbaru,46,AF,1-------,,,,
JP,AKN,Akune,Akune,46,AF,1-------,,32.01667,130.2,true
JP,AMZ,"Ama, Aichi","Ama, Aichi",23,AF,--3-----,,35.166666666666664,136.8,
JP,AMM,"Ama, Hyogo","Ama, Hyogo",28,AF,1-------,,34.6802516,135.1657515,true
JP,AAM,"Ama, Shimane","Ama, Shimane",32,AF,1-------,,36.0964998,133.0969413,true
JP,AMA,Amagasaki,Amagasaki,28,AF,1-------,,34.7339783,135.4064015,true
JP,AMX,AmagasakiNishinomiyaAshiya,AmagasakiNishinomiyaAshiya,28,AF,1-------,,34.71666666666667,135.41666666666666,
JP,AMJ,Amaji,Amaji,39,AF,1-------,,34.9912825,134.7598956,true
JP,ASJ,Amamioshima,Amamioshima,46,AF,1--4----,,,,
JP,AMS,Amasaki,Amasaki,38,AF,1-------,,,,
JP,AMT,Amatsuke,Amatsuke,43,AF,1-------,,32.18692,130.02423,true
JP,AMY,Amiya,Amiya,32,AF,1-------,,,,
JP,AMU,Amura,Amura,43,AF,1-------,,32.534997,130.43837,true
JP,ARG,Amurogama,Amurogama,46,AF,1-------,,28.2156826,129.2939329,true
JP,ANM,Anamizu,Anamizu,17,AF,1-------,,37.2305548,136.9125817,true
JP,ANA,Anan,Anan,36,AF,1-------,,35.3233881,137.8161909,true
JP,ANB,Anbo,Anbo,46,AF,1-------,,30.3199183,130.6538703,true
JP,ANE,Anegasaki,Anegasaki,12,AF,1-------,,35.48503435,140.01740732461073,true
JP,AJO,Anjo,Anjo,23,AF,--3-----,,34.96663,137.081163,true
JP,ANK,Annaka,Annaka,10,AA,--3--6--,,36.31666666666667,138.9,
JP,AOE,Aoe,Aoe,35,AF,1-------,,34.6127427,133.7576223,true
JP,AOG,Aogashima,Aogashima,13,AF,1-------,,32.458249,139.7674691812977,true
JP,AOK,Aokata,Aokata,42,AF,1-------,,32.98387,129.06971,true
JP,AOI,Aoki,Aoki,37,AF,1-------,,36.3727204,138.1239843,true
JP,AZI,"Aoki, Nagano","Aoki, Nagano",20,AF,-----6--,,36.36666666666667,138.13333333333333,
JP,OMA,Aomi,Aomi,13,AF,1----6--,,35.61666666666667,139.78333333333333,
JP,AOJ,Aomori,Aomori,02,AF,1--4----,,40.7340525,140.689686,true
JP,AON,Aonae,Aonae,01,AF,1-------,,42.0644266,139.448983,true
JP,AOS,Aoshima,Aoshima,42,AF,1-------,,31.799111,131.468425,true
JP,SJK,Arajuku,Arajuku,11,RL,-----6--,,36.18333333333333,139.06666666666666,
JP,ARO,Arao,Arao,43,AF,1-------,,32.9867584,130.4334027,true
JP,ARA,Arari,Arari,22,AF,1-------,,34.8283131,138.7741855,true
JP,ARI,"Ariake, Tokyo","Ariake, Tokyo",13,AF,1-3-----,,35.63333333333333,139.78333333333333,
JP,ARK,Arikawa,Arikawa,42,AF,1-------,,31.8218926,130.6681708,true
JP,AMR,Arimura,Arimura,46,AF,1-------,,31.5567732,130.666089,true
JP,ARZ,Arouzu,Arouzu,38,AF,1-------,,34.201735,133.0965111,true
JP,ASA,Asa,Asa,35,AF,1-------,,34.5182812,132.5078078,true
JP,ASO,Asago,Asago,28,AF,-----6--,,35.333333333333336,134.85,
JP,AHI,"Asahi, Mie","Asahi, Mie",24,AF,--3-----,,35.03333333333333,136.66666666666666,
JP,AKJ,Asahikawa,Asahikawa,01,AF,---4----,,43.788688,142.362325,true
JP,ASI,Asahimachi,Asahimachi,14,RL,1-3-----,,35.53333333333333,139.7,
JP,SKA,"Asaka, Saitama","Asaka, Saitama",11,AF,-23-----,,35.78333333333333,139.58333333333334,
JP,ASW,Asakawa,Asakawa,36,AF,1-------,,37.0809885,140.4127953,true
JP,AUI,Asakuchi,Asakuchi,33,AF,1----6--,,34.516666666666666,133.58333333333334,
JP,ARJ,"Asakura, Fukuoka","Asakura, Fukuoka",40,AF,-----6--,,33.416666666666664,130.66666666666666,
JP,ASM,Asami,Asami,43,AF,1-------,,33.2724983,131.4912871,true
JP,AMG,Asamogawa,Asamogawa,26,AF,1-------,,35.6875442,135.0198644,true
JP,ASB,Ashibe,Ashibe,42,AF,1-------,,33.79194,129.75611,true
JP,ASG,Ashikaga,Ashikaga,09,AF,--3-----,,36.333333333333336,139.45,
JP,ASH,Ashinoura,Ashinoura,42,AF,1-------,,32.7575,128.99891,true
JP,AST,Ashitoku,Ashitoku,46,AF,1-------,,28.4304869,129.6168494,true
JP,ASZ,"Ashiya, Fukuoka","Ashiya, Fukuoka",40,AF,1-------,,33.5898988,130.4017509,true
JP,ASS,"Ashiya, Hyogo","Ashiya, Hyogo",28,AF,-----6--,,34.733333333333334,135.31666666666666,
JP,ASR,Ashizuri,Ashizuri,39,AF,1-------,,,,
JP,ASC,Aso,Aso,43,AF,-----6--,,32.93333333333333,131.11666666666667,
JP,ATA,Ataka,Ataka,17,RL,1-3-----,,36.416666666666664,136.41666666666666,
JP,AMI,Atami,Atami,22,AF,1-------,,35.096471,139.0717866,true
JP,ATT,Atatajima,Atatajima,34,AF,1-------,,34.1919427,132.30569903344298,true
JP,NJA,Atsugi,Atsugi,14,AF,---4----,,35.4429646,139.3625125,true
JP,ATK,Atsuki,Atsuki,35,AF,1-------,,33.8878719,132.1239981,true
JP,ATM,Atsumi,Atsumi,23,AF,1-------,,38.62732,139.58936,true
JP,AWA,Awa,Awa,47,AF,1-------,,34.1021279,134.2976029,true
JP,AWJ,Awaji,Awaji,28,AF,--3-----,,34.43333333333333,134.91666666666666,
JP,TBS,Awajikoryunotsubasa,Awajikoryunotsubasa,28,AF,1-------,,,,
JP,YYA,Awano,Awano,35,AF,1-------,,33.2459001,131.1634874,true
JP,AWR,Awara,Awara,30,AF,-2---6--,,36.21666666666667,136.25,
JP,AWS,Awashima,Awashima,37,AF,1-------,,34.2715985,133.6289405,true
JP,AWM,Awashimanishi,Awashimanishi,37,AF,1-------,,,,
JP,AWZ,Awazu,Awazu,36,AF,1-------,,37.7881755,140.8953881,true
JP,AYW,Ayagawa,Ayagawa,37,RQ,-----6--,,34.416666666666664,133.91666666666666,
JP,AYS,Ayase-Shi,Ayase-Shi,14,RL,--3-----,,35.416666666666664,139.43333333333334,
JP,AYU,Ayukawa,Ayukawa,04,AF,1-------,,33.7331323,135.5126862,true
JP,AKW,Azako,Azako,46,AF,1-------,,30.68503,131.06102,true
JP,AZU,Azu,Azu,42,AF,1-------,,35.828873,139.333024,true
JP,AZM,Azumino,Azumino,20,AA,-23--6--,,36.3,137.91666666666666,
JP,FHB,"Bandai, Fukushima","Bandai, Fukushima",07,AF,-----6--,,37.55,139.98333333333332,
JP,BAN,"Bando, Ibaraki","Bando, Ibaraki",08,AF,--3--6--,,36.03333333333333,139.88333333333333,
JP,BPU,"Beppu, Oita","Beppu, Oita",44,AF,1--4----,,33.2845752,131.4913063,true
JP,BEP,"Beppu, Shimane","Beppu, Shimane",32,AF,1-------,,36.1151615,133.0413866,true
JP,BFS,Beppushinko,Beppushinko,44,AF,1-------,,,,
JP,BIZ,Bizen,Bizen,33,RQ,1-3-----,,34.733333333333334,134.18333333333334,
JP,BDM,Bohdomari,Bohdomari,46,AF,1-------,,,,
JP,BOM,Boma,Boma,46,AF,1-------,,27.8018993,128.989985,true
JP,BUD,Bungotakada,Bungotakada,44,AF,-----6--,,33.55,131.45,
JP,BUK,Bunkyo-Ku,Bunkyo-Ku,13,AA,--3-----,,35.71666666666667,139.75,
JP,BZN,Buzen,Buzen,40,AF,--3--6--,,33.61666666666667,131.13333333333333,
JP,BYO,Byobu,Byobu,37,AF,1-------,,36.046846,139.783221,true
JP,CWN,Chatan,Chatan,47,RQ,-----6--,,26.3,127.76666666666667,
JP,CHB,Chiba,Chiba,12,AF,1-------,,35.6070629,140.1062653,true
JP,CHC,Chichibu,Chichibu,11,RL,--3-----,,35.983333333333334,139.06666666666666,
JP,CHH,Chichii,Chichii,32,AF,1-------,,36.08313,133.1132054,true
JP,CHG,Chigasaki,Chigasaki,14,RL,123-----,,35.31666666666667,139.4,
JP,CJU,Chiju,Chiju,43,AF,1-------,,32.50044,130.40042,true
JP,CHK,Chikubushima,Chikubushima,25,AF,1-------,,,,
JP,KUO,"Chikugo, Fukuoka","Chikugo, Fukuoka",40,AF,-----6--,,33.2,130.5,
JP,CKM,Chikumi,Chikumi,32,AF,1-------,,35.5639312,133.1344616,true
JP,CHE,Chikusei,Chikusei,08,AF,-----6--,,36.3,139.98333333333332,
JP,CKZ,"Chikuzen, Fukuoka","Chikuzen, Fukuoka",40,AF,-----6--,,33.45,130.6,
JP,CHW,Chimu Wan,Chimu Wan,,RQ,1-------,,26.383333333333333,127.91666666666667,
JP,CHI,China,China,46,AF,1-------,,27.3385068,128.574157,true
JP,CNS,Chinase,Chinase,46,AF,1-------,,28.3788938,129.4513357,true
JP,CNO,Chino,Chino,20,RL,-----6--,,35.983333333333334,138.15,
JP,CIO,Chio,Chio,33,AF,1-------,,,,
JP,CYU,Chiryu,Chiryu,23,AA,1----6--,,35,137.05,
JP,CTA,Chita,Chita,23,AF,1-------,,34.970089,136.860738,true
JP,CKK,Chitose,Chitose,01,AF,--3-----,,42.81666666666667,141.65,
JP,CTS,Chitose Apt/Sapporo,Chitose Apt/Sapporo,01,AF,---4----,,42.786787000000004,141.68295976251358,true
JP,CHT,"Chitose, Hiroshima","Chitose, Hiroshima",34,AF,1-------,,34.3917241,132.4517589,true
JP,CHY,Chiyoda,Chiyoda,08,RL,-23-----,,36.15,140.21666666666667,
JP,CAU,Chiyoda-ku,Chiyoda-ku,13,RL,-23-----,,35.68333333333333,139.75,
JP,CYZ,Chiyozaki,Chiyozaki,24,AF,1-------,,34.67266,135.47851,true
JP,CCF,Chofu,Chofu,13,AF,-----6--,,35.65,139.55,
JP,CHF,Chofu,Chofu,35,AF,1-------,,35.6506036,139.5407066,true
JP,CHO,Choshi,Choshi,12,AF,1-------,,35.7345338,140.8272667,true
JP,CZO,Chuo,Chuo,19,AF,--3-----,,35.583333333333336,138.63333333333333,
JP,CKU,Chuo-ku/Tokyo,Chuo-ku/Tokyo,13,AF,--3-----,,35.666666666666664,139.76666666666668,
JP,CHU,Churui,Churui,01,AF,1-------,,43.4699228,144.10839619885908,true
JP,DKI,Daikoku Island,Daikoku Island,14,RL,--3-----,,42.95,144.86666666666667,
JP,DSE,Daisen,Daisen,05,AF,--3-----,,39.45,140.48333333333332,
JP,DTU,Daito,Daito,42,AF,1-------,,34.7120151,135.6235341,true
JP,DIT,"Daito, Osaka","Daito, Osaka",27,AF,-----6--,,34.7,135.61666666666667,
JP,DAT,Date,Date,01,AF,1-------,,42.4720144,140.8647245,true
JP,ZAH,Dejima,Dejima,,RL,-----6--,,34.18333333333333,135.15,
JP,DSR,Dohshiro,Dohshiro,42,AF,1-------,,,,
JP,DZK,Dohzaki,Dohzaki,42,AF,1-------,,,,
JP,BIN,Ebina-Shi Kanagawa,Ebina-Shi Kanagawa,14,RL,-----6--,,35.416666666666664,139.4,
JP,ENB,"Ebino, Miyazaki","Ebino, Miyazaki",45,AF,-----6--,,32.03333333333333,130.81666666666666,
JP,EBI,Ebito,Ebito,43,AF,1-------,,32.58249,130.41804,true
JP,ECZ,Echizen,Echizen,18,AF,--3-----,,35.9,136.16666666666666,
JP,EGA,Edogawa,Edogawa,,RQ,--3-----,,35.7,139.85,
JP,EGO,Ego,Ego,43,AF,1-------,,34.08333,130.95,true
JP,EII,Ei,Ei,28,AF,1-------,,37.2554213,140.2470711,true
JP,EGS,Eigashima,Eigashima,28,AF,1-------,,34.67758,134.91517,true
JP,JHE,Eiheiji,Eiheiji,18,AF,-----6--,,36.1,136.33333333333334,
JP,EIS,Eishi,Eishi,46,AF,1-------,,31.8236795,129.8733973,true
JP,EJM,Ejima,Ejima,37,AF,1-------,,34.474567,133.9970011720411,true
JP,EMU,Emukae,Emukae,42,AF,1-------,,33.347314,129.661921,true
JP,ENN,En,En,46,AF,1-------,,28.4645225,129.5890188,true
JP,ENA,Ena,Ena,07,AF,1-------,,35.4492674,137.412703,true
JP,ENG,Ena,Ena,21,AF,-----6--,,35.45,137.41666666666666,
JP,EIN,Eniwa,Eniwa,01,AF,--3-----,,42.88333333333333,141.56666666666666,
JP,ENH,Enohama,Enohama,33,AF,1-------,,,,
JP,EKZ,Enokizu,Enokizu,42,AF,1-------,,33.2030488,130.3784847,true
JP,ENR,"Enoura, Kagawa","Enoura, Kagawa",37,AF,1-------,,34.3685074,133.7136831,true
JP,ENO,"Enoura, Shizuoka","Enoura, Shizuoka",22,AF,1-------,,32.8040674,128.9327466,true
JP,EMM,Erimo,Erimo,01,AF,1-------,,42.0163463,143.1487225,true
JP,ESK,Esaki,Esaki,35,AF,1-------,,34.64204,131.6511002,true
JP,ESI,Esashi/Hiyama,Esashi/Hiyama,01,AF,1-------,,41.8690714,140.1272235,true
JP,ESS,Esashi/Soya,Esashi/Soya,01,AF,1-------,,44.9386724,142.5814208,true
JP,ESM,Eshima,Eshima,32,AF,1-------,,35.5140413,133.19489273151902,true
JP,ETA,Etajima,Etajima,34,AF,1-------,,34.244001499999996,132.4817720388349,true
JP,ETM,Etomo,Etomo,32,AF,1-------,,35.527832,132.9769575,true
JP,EZA,Ezaki,Ezaki,47,AF,1-------,,34.6221725,133.9597748,true
JP,FCM,Fuchinomoto,Fuchinomoto,42,AF,1-------,,32.7695222,128.6510181,true
JP,FCH,Fuchu-shi,Fuchu-shi,13,AF,-23-----,,35.666666666666664,139.48333333333332,
JP,UKU,Fuefuki,Fuefuki,19,AF,--3-----,,35.65,138.63333333333333,
JP,FGS,Fugusaki,Fugusaki,23,AF,1-------,,,,
JP,FUI,Fuji,Fuji,22,AF,--3-----,,35.161852,138.6763863,true
JP,FJD,"Fujieda, Shizuoka","Fujieda, Shizuoka",22,AF,-23-----,,34.88333333333333,138.23333333333332,
JP,FUD,Fujiidera,Fujiidera,27,AF,-----6--,,34.56666666666667,135.6,
JP,FJN,Fujino,Fujino,46,AF,1-------,,45.23696,141.21339,true
JP,FJM,"Fujinomiya, Shizuoka","Fujinomiya, Shizuoka",22,RL,--3-----,,35.21666666666667,138.61666666666667,
JP,FJK,Fujioka,Fujioka,23,RL,--3-----,,35.18333333333333,137.18333333333334,
JP,FJS,Fujisawa,Fujisawa,14,RQ,-----6--,,35.333333333333336,139.46666666666667,
JP,FKH,"Fukae, Hiroshima","Fukae, Hiroshima",34,AF,1-------,,34.3917241,132.4517589,true
JP,FAE,"Fukae, Nagasaki","Fukae, Nagasaki",42,AF,1-------,,32.7501611,129.8781002,true
JP,FKG,Fukagawa,Fukagawa,13,RL,-----6--,,35.68333333333333,-139.8,
JP,FKI,Fukai,Fukai,33,AF,1-------,,35.91093,139.8935014,true
JP,FUM,Fukami,Fukami,43,AF,1-------,,36.2963596,140.0073776,true
JP,FRI,Fukari,Fukari,42,AF,1-------,,,,
JP,FKK,"Fukaura, Aomori","Fukaura, Aomori",02,AF,1-------,,40.8222833,140.7472027,true
JP,FKR,"Fukaura, Ehime","Fukaura, Ehime",38,AF,1-------,,32.948455,132.5915329,true
JP,FUW,Fukawa,Fukawa,35,AF,1-------,,35.283189,139.128618,true
JP,FKA,Fukaya,Fukaya,11,AF,-2------,,36.1974016,139.2816997,true
JP,FUE,Fuke,Fuke,27,AF,1-------,,35.6658083,139.6876001,true
JP,FCY,Fukuchiyama,Fukuchiyama,26,AF,--3-----,,35.3,135.11666666666667,
JP,FKD,Fukuda,Fukuda,34,AF,1-------,,37.8885446,140.1106807,true
JP,FKE,"Fukue, Aichi","Fukue, Aichi",23,AF,1-------,,34.61678,137.10705,true
JP,FUJ,"Fukue, Nagasaki","Fukue, Nagasaki",42,AI,1--4----,,32.7501611,129.8781002,true
JP,FKJ,Fukui,Fukui,18,AF,1-------,,36.064652,136.221943,true
JP,FUK,Fukuoka,Fukuoka,40,AF,-2345---,,33.5,130.5,
JP,FRA,"Fukura, Hyogo","Fukura, Hyogo",28,AF,1-------,,34.6802516,135.1657515,true
JP,FUU,"Fukura, Kagoshima","Fukura, Kagoshima",46,AF,1-------,,31.596793,130.5571949,true
JP,FUO,Fukuro,Fukuro,30,AF,1-------,,32.15698,130.391746,true
JP,FKO,Fukuroi,Fukuroi,22,RL,-23-----,,34.75,137.91666666666666,
JP,FKF,Fukushima,Fukushima,07,RQ,--3-----,,37.733333333333334,140.46666666666667,
JP,FKS,Fukushima Apt,Fukushima Apt,07,AF,---4----,,37.21666666666667,140.41666666666666,
JP,FKU,"Fukushima, Hokkaido","Fukushima, Hokkaido",01,AF,1-3-----,,41.46666666666667,140.25,
JP,FMS,"Fukushima, Miyazaki","Fukushima, Miyazaki",45,AF,1-34----,,31.466666666666665,131.21666666666667,
JP,FKM,"Fukushima, Nagasaki","Fukushima, Nagasaki",42,AF,1-3-----,,33.35,129.8,
JP,FUR,"Fukuura, Ehime","Fukuura, Ehime",38,AF,1-------,,32.918698,132.4959867,true
JP,FRJ,"Fukuura, Ishikawa","Fukuura, Ishikawa",17,AF,1-------,,34.742406,134.3289542,true
JP,FUA,"Fukuura, Kumamoto","Fukuura, Kumamoto",43,AF,1-------,,32.8033909,130.7082737,true
JP,FKY,"Fukuyama, Hiroshima","Fukuyama, Hiroshima",34,AF,1-------,,34.3917241,132.4517589,true
JP,FYM,"Fukuyama, Kagoshima","Fukuyama, Kagoshima",46,AF,1-------,,31.596793,130.5571949,true
JP,FNB,Funabashi,Funabashi,12,AF,1-------,,35.6945993,139.9825365,true
JP,FND,Funadomari,Funadomari,01,AF,1-------,,44.2610515,145.364254,true
JP,FNK,Funagawa,Funagawa,05,AF,1-------,,39.8815193,139.8433399,true
JP,FSH,Funakakushi,Funakakushi,37,AF,1-------,,41.5155536,140.3734052,true
JP,FNS,Funakoshi,Funakoshi,38,AF,1-------,,39.4310719,141.9722414,true
JP,FNU,Funauki,Funauki,47,AF,1-------,,24.3382581,123.7280071,true
JP,FNR,Funaura,Funaura,47,AF,1-------,,24.4072992,123.8079954,true
JP,FNA,Funaya,Funaya,38,AF,1-------,,33.935588,133.207116,true
JP,FNZ,Funazu,Funazu,32,AF,1-------,,,,
JP,FUN,Furano,Furano,,RQ,--3-----,,43.35,142.38333333333333,
JP,FHR,Furubira,Furubira,01,AF,1-------,,43.2639952,140.6387142,true
JP,FRX,"Furue, Ehime","Furue, Ehime",38,AF,1-------,,34.21306,133.11167,true
JP,FRU,"Furue, Kagoshima","Furue, Kagoshima",46,AF,1-------,,31.596793,130.5571949,true
JP,FRM,"Furue, Miyazaki","Furue, Miyazaki",45,AF,1-------,,31.9076334,131.4204022,true
JP,FRE,"Furue, Nagasaki","Furue, Nagasaki",42,AF,1-------,,32.7501611,129.8781002,true
JP,FRK,Furuike,Furuike,28,AF,1-------,,34.7278757,134.3251026,true
JP,FKW,Furukawa,Furukawa,04,AF,-23-----,,36.7494011,137.2067099,true
JP,URU,Furumi,Furumi,32,AF,1-------,,36.8508828,138.2417393,true
JP,FST,"Furusato, Kagoshima","Furusato, Kagoshima",46,AF,1-3-----,,27.366666666666667,128.63333333333333,
JP,FRS,"Furusato, Nagasaki","Furusato, Nagasaki",42,AF,1-------,,32.7501611,129.8781002,true
JP,FSK,Fushiki,Fushiki,16,AF,1-------,,36.78336,137.04302,true
JP,FTX,Fushikitoyama,Fushikitoyama,16,RQ,1-------,,36.8,137.11666666666667,
JP,FUS,Fushimi-Ku,Fushimi-Ku,26,RL,--3-----,,34.9360647,135.7613284,true
JP,FSS,Fussa,Fussa,13,RQ,-----6--,,35.733333333333334,139.31666666666666,
JP,FTE,Futae,Futae,43,AF,1-------,,32.539286,130.13489,true
JP,FGW,Futagawa,Futagawa,46,AF,1-------,,31.575084,130.800754,true
JP,FTG,Futago,Futago,32,AF,1-------,,35.6054619,139.61976048062692,true
JP,FUT,Futajima,Futajima,40,AF,--3-----,,33.8983484,130.7502474,true
JP,FMD,Futamado,Futamado,43,AF,1-------,,32.421371,130.4070698,true
JP,FMT,"Futamata, Kagoshima","Futamata, Kagoshima",46,AF,1-------,,31.596793,130.5571949,true
JP,FTT,"Futamata, Shimane","Futamata, Shimane",32,AF,1-------,,32.462,130.12441,true
JP,HUT,"Futami, Niigata","Futami, Niigata",15,AF,1-------,,37.9163757,139.0365062,true
JP,HTM,"Futami, Tokyo","Futami, Tokyo",13,AF,1-------,,34.25015,130.91117,true
JP,FTM,Futenma,Futenma,47,AF,1-------,,26.294537,127.773764,true
JP,FTS,"Futtsu, Chiba","Futtsu, Chiba",12,RL,1-------,,35.583333333333336,140.38333333333333,
JP,GAM,Gamagori,Gamagori,23,AF,1-------,,34.83333,137.23333,true
JP,GPT,Gendentokai,Gendentokai,08,AF,1-------,,,,
JP,GGG,"Gero, Gifu","Gero, Gifu",21,AF,-----6--,,35.8,137.25,
JP,GIF,Gifu,Gifu,21,AF,--3-----,QGU,35.422492,136.752606,true
JP,GNW,Ginowan,Ginowan,47,AF,1-------,,26.2814968,127.7784916,true
JP,GOO,Gobo Wakayama,Gobo Wakayama,30,AF,1----6--,,33.88333333333333,135.15,
JP,GKB,Gohnokubi,Gohnokubi,42,AF,1-------,,,,
JP,GOT,Gohtsu,Gohtsu,32,AF,1-------,,,,
JP,GOI,Goi/Ichihara,Goi/Ichihara,12,AF,1-------,,42.77044,143.34017,true
JP,GKN,Gokan,Gokan,33,AF,1-------,,36.658757,138.285457,true
JP,GKS,Gokasho,Gokasho,24,AF,1-------,,35.1544353,136.1951972,true
JP,GON,Gonoura,Gonoura,42,AF,1-------,,33.7483935,129.6841613,true
JP,GSE,Gose,Gose,29,RQ,-----6--,,34.45,135.73333333333332,
JP,GOS,Gosen,Gosen,15,RQ,-23-5---,,37.733333333333334,139.16666666666666,
JP,GBA,Gotenba,Gotenba,22,RQ,--3-----,,35.31666666666667,138.93333333333334,
JP,GTO,Goto,Goto,42,RQ,1-3-----,,32.68333333333333,128.83333333333334,
JP,GUJ,Gujo,Gujo,21,AF,--3-----,,35.733333333333334,136.95,
JP,GNG,Gunge,Gunge,28,AF,1-------,,35.0825333,135.2093518,true
JP,GKA,Gushikawa,Gushikawa,47,RL,1-------,,26.35,127.86666666666666,
JP,GYA,Gyohda,Gyohda,11,AF,--3-----,,,,
JP,HAZ,Habikino,Habikino,27,AF,-----6--,,34.55,135.6,
JP,HBO,Haboro,Haboro,01,AF,1-------,,44.3608389,141.6973716,true
JP,HAB,"Habu, Hiroshima","Habu, Hiroshima",34,AF,1-------,,34.3917241,132.4517589,true
JP,HAU,"Habu, Tokyo","Habu, Tokyo",13,AF,1-------,,33.82002,130.70068,true
JP,HBB,"Habu, Yamaguchi","Habu, Yamaguchi",35,AF,1-------,,34.1781317,131.4737077,true
JP,HGO,Hachigo,Hachigo,46,AF,1-------,,43.9,143.9,true
JP,HAC,Hachijojima,Hachijojima,13,AF,---4----,,33.1149078,139.78458864770974,true
JP,HTI,Hachimantai,Hachimantai,03,AA,--3--6--,,39.95,141.66666666666666,
JP,HHE,Hachinohe,Hachinohe,02,AF,1--4----,,40.5541994,141.468868,true
JP,HAO,Hachioji,Hachioji,13,RL,-23-----,QHY,35.65,139.31666666666666,
JP,HNO,Hadano,Hadano,14,AF,--3-----,,35.3747319,139.2200144,true
JP,HAE,Haenohama,Haenohama,46,AF,1-------,,,,
JP,HAG,Hagi,Hagi,35,AF,1-------,,34.4074815,131.399194,true
JP,HBA,Haibara,Haibara,22,AF,--3-----,,35.0922573,138.1211407,true
JP,HAI,Haiki,Haiki,42,AF,1-------,,33.13952,129.795,true
JP,HTD,Hakata,Hakata,38,RL,--3-----,,34.18333333333333,133.1,
JP,HKT,Hakata/Fukuoka,Hakata/Fukuoka,40,AF,123-5---,,33.6,130.41666666666666,
JP,HKS,Hakatashima,Hakatashima,38,AF,1-------,,,,
JP,HKD,Hakodate,Hakodate,01,AF,1--4----,,41.76987575,140.82501678734644,true
JP,HKU,Hakoura,Hakoura,37,AF,1-------,,,,
JP,JPK,Hakuba Mura,Hakuba Mura,20,AF,--3-----,,36.68333333333333,137.83333333333334,
JP,UIA,Hakui,Hakui,17,AF,--3-----,,36.8948225,136.7782938,true
JP,HAK,Hakusan,Hakusan,17,AF,--3-----,,36.516666666666666,136.56666666666666,
JP,HMD,Hamada,Hamada,32,AF,1-------,,34.8991982,132.0799984,true
JP,HMG,Hamaguri,Hamaguri,38,AF,1-------,,33.231878,132.52527,true
JP,HJM,Hamajima,Hamajima,24,AF,1-------,,34.301258,136.7540149,true
JP,HJR,Hamajiri,Hamajiri,46,AF,1-------,,31.06075,130.75488,true
JP,HKW,Hamakanaya,Hamakanaya,12,AF,1-------,,,,
JP,HMM,Hamamatsu,Hamamatsu,22,AF,1-------,,34.7109786,137.7259431,true
JP,HMN,Hamana,Hamana,22,AF,1-------,,34.7915572,137.7831328,true
JP,HKJ,Hamasaka,Hamasaka,28,AF,1-------,,35.6261047,134.4498004,true
JP,HMX,Hamasaki,Hamasaki,47,AF,1-------,,33.5965273,131.7065947,true
JP,HSK,Hamasako,Hamasako,42,AF,1-------,,32.7390066,128.657906,true
JP,HAM,Hamasarufutsu,Hamasarufutsu,01,AF,1-------,,45.2743174,142.2278492,true
JP,HSU,Hamasuki,Hamasuki,46,AF,1-------,,32.2004251,130.1183245,true
JP,HWA,Hamatsuwaki,Hamatsuwaki,46,AF,1-------,,30.60309,130.95047,true
JP,HMW,Hamawaki,Hamawaki,42,AF,1-------,,33.259439,131.490216,true
JP,HAA,Hami,Hami,46,AF,1-------,,31.3408125,131.0318724,true
JP,HMC,Hamochi,Hamochi,15,AF,1-------,,37.8496966,138.314352,true
JP,HMR,Hamura,Hamura,13,RL,1-------,,35.766666666666666,139.3,
JP,HNA,Hanamaki,Hanamaki,03,AF,---4----,,39.4265171,141.13528215177976,true
JP,HNK,Hanasaki,Hanasaki,01,AF,1-------,,36.6096505,137.2869815,true
JP,HDA,Handa,Handa,23,AF,1-------,,34.8938136,136.9369523,true
JP,HNE,Hane,Hane,44,AF,1-------,,35.758253,139.298892,true
JP,HND,Haneda Apt/Tokyo,Haneda Apt/Tokyo,13,AF,---4----,,32.23242,130.73085,true
JP,HAN,Hannan,Hannan,27,AF,1-------,,34.3595067,135.2398397,true
JP,HNC,Hanno Saitama,Hanno Saitama,11,AF,-----6--,,35.85,139.31666666666666,
JP,HUR,Hannoura,Hannoura,17,AF,1-------,,35.503823,136.1841994,true
JP,HNU,Hanyu,Hanyu,11,RQ,--3-----,,36.166666666666664,139.53333333333333,
JP,HNY,Hanyu,Hanyu,32,AF,1-------,,36.1724023,139.5484797,true
JP,HAR,Hara,Hara,42,AF,1-------,,35.9700234,138.2438637,true
JP,HRM,Haramachi,Haramachi,07,AF,1-------,,35.6172757,139.6932536,true
JP,HSS,Hase,Hase,46,AF,1-------,,35.4321111,139.3366118,true
JP,HSH,Hashi,Hashi,32,AF,1-------,,36.0750745,133.0173325,true
JP,HAS,Hashihama,Hashihama,38,AF,1-------,,34.105116,132.9722962,true
JP,HAH,Hashima,Hashima,35,AF,1-------,,35.3195107,136.7027348,true
JP,HSR,Hashirajima,Hashirajima,35,AF,1-------,,34.0208445,132.4123336605914,true
JP,HSA,Hasuda,Hasuda,11,AF,-----6--,,36,139.66666666666666,
JP,HTT,Hata,Hata,33,AF,1-------,,32.689825,131.005382,true
JP,HMI,Hatami,Hatami,34,AF,1-------,,34.1800844,132.5488852,true
JP,HTR,Hateruma,Hateruma,47,AF,---4----,,24.05,123.78333333333333,
JP,HTO,Hatoma,Hatoma,47,AF,1-------,,24.466666666666665,123.76666666666667,
JP,YYT,Hatoyama,Hatoyama,11,AF,-----6--,,35.983333333333334,139.33333333333334,
JP,HAT,Hatsukaichi,Hatsukaichi,34,AF,--3-----,,34.35,132.33333333333334,
JP,HYK,Hayakawa,Hayakawa,38,AF,1-------,,35.4127607,138.3629372,true
JP,HYM,Hayama,Hayama,14,AF,1-------,,35.2719497,139.5860744,true
JP,HYT,Hayato,Hayato,46,AF,1-------,,37.4650153,139.6000056,true
JP,HAD,Heda,Heda,22,AF,1-------,,35.6154647,134.469005,true
JP,HKN,Hekinan,Hekinan,23,AF,1-------,,34.86505,136.984523,true
JP,HEI,Henza,Henza,47,AF,1-------,,26.3494505,127.95986937749635,true
JP,HES,Hesaki,Hesaki,40,AF,1-------,,,,
JP,HET,Heta,Heta,46,AF,1-------,,33.8895698,132.2038292,true
JP,HED,Hetono,Hetono,46,AF,1-------,,27.811643,128.8959441,true
JP,HIA,Hiagari/Kitakiushu,Hiagari/Kitakiushu,40,AF,1-------,,33.8916,130.85919,true
JP,HIY,Hiagashiyamato,Hiagashiyamato,13,AM,--3--6--,,35.733333333333334,139.41666666666666,
JP,HIB,Hibi,Hibi,33,AF,1-------,,34.45772,133.922907,true
JP,HBI,Hibiki-Nada,Hibiki-Nada,,RQ,--3--6--,,34,130.5,
JP,HBK,Hibikishinko,Hibikishinko,40,RQ,1-------,,33.983333333333334,130.75,
JP,HBR,Hiburi,Hiburi,38,AF,1-------,,,,
JP,HFF,"Hida, Oita","Hida, Oita",44,AF,-----6--,,33.31666666666667,130.93333333333334,
JP,HDK,Hidaka,Hidaka,30,AF,1-------,,35.9077667,139.3390385,true
JP,HHR,Higashiharima,Higashiharima,28,AF,1-------,,,,
JP,HGH,Higashihazu,Higashihazu,23,AF,1-------,,,,
JP,HGR,Higashihiroshima,Higashihiroshima,34,AF,--3-----,,34.416666666666664,132.73333333333332,
JP,HGK,Higashikagawa,Higashikagawa,37,AF,--3-----,,34.25,134.36666666666667,
JP,HHS,Higashimatsuyama,Higashimatsuyama,11,AF,--3-----,,36.03333333333333,139.35,
JP,HGM,Higashimurayama,Higashimurayama,13,AF,-----6--,,35.75,139.46666666666667,
JP,HGX,Higashine,Higashine,06,RQ,--3-----,,38.43333333333333,140.4,
JP,HHH,Higashinohama,Higashinohama,46,AF,1-------,,,,
JP,HIO,Higashi-Ogishima,Higashi-Ogishima,14,AF,1-3-----,,35.496040949999994,139.7554029423172,true
JP,HGI,Higashiomi,Higashiomi,25,RL,-23-----,,35.1,136.16666666666666,
JP,HGA,Higashi-Osaka,Higashi-Osaka,27,RQ,--3-----,,34.666666666666664,135.58333333333334,
JP,IOA,Higashiosaka City,Higashiosaka City,27,RQ,--3--6--,,34.666666666666664,135.58333333333334,
JP,HIG,Higashishioya,Higashishioya,46,AF,1-------,,33.08103,130.14074,true
JP,HGN,Higashisonogi-Gun Cho,Higashisonogi-Gun Cho,42,RL,1----6--,,32.03333333333333,129.91666666666666,
JP,HHA,Higashiura,Higashiura,23,AF,-----6--,,34.983333333333334,136.96666666666667,
JP,HJI,Hiji,Hiji,44,AF,1-------,,33.3690119,131.5322622,true
JP,HKI,Hikami,Hikami,28,AF,--3-----,,35.0493602,134.0253579,true
JP,HKR,Hikari,Hikari,35,AF,1-------,,33.9615807,131.9425203,true
JP,HEA,Hiketa,Hiketa,37,AF,1-------,,34.2255769,134.3951743,true
JP,HIK,Hiki,Hiki,30,AF,1-------,,33.56534,135.44537,true
JP,HMT,Hikimoto,Hikimoto,24,AF,1-------,,,,
JP,HIE,Hikone,Hikone,25,AF,1-------,,35.254673,136.237229,true
JP,HIS,Hikoshima,Hikoshima,35,AF,1-------,,33.9327075,130.90959294001132,true
JP,HKZ,Hikozaki,Hikozaki,33,AF,1-------,,,,
JP,HDO,Himedo,Himedo,43,AF,1-------,,32.4359758,130.4153533,true
JP,HIM,Himeji,Himeji,28,AF,1-------,,34.8153529,134.6854793,true
JP,HMK,Himekawa,Himekawa,15,AF,1-------,,42.010822,140.226507,true
JP,HNR,Himenoura,Himenoura,32,AF,1-------,,,,
JP,HMH,Himeshima,Himeshima,44,AF,1-------,,33.7239408,131.6457316,true
JP,HMJ,Himi,Himi,16,AF,1-------,,36.8645966,136.9704027,true
JP,HMS,Himosashi,Himosashi,42,AF,1-------,,,,
JP,HNG,Hinagu,Hinagu,43,AF,1-------,,32.429736,130.5707616,true
JP,HIN,Hinase,Hinase,33,AF,1-------,,34.73333,134.26667,true
JP,HOI,Hino,Hino,25,RQ,--3-----,,35,136.25,
JP,ZHO,"Hino, Tokyo","Hino, Tokyo",13,AF,-----6--,,35.666666666666664,139.4,
JP,HNS,Hinoshima,Hinoshima,43,AF,1-------,,32.383296,130.41692448270751,true
JP,HNZ,Hinozu,Hinozu,32,AF,1-------,,,,
JP,IOK,Hioki,Hioki,46,RL,-----6--,,31.583333333333332,130.35,
JP,HRD,Hirado,Hirado,42,AF,1-------,,33.335118,129.578247,true
JP,HRJ,Hirai,Hirai,35,AF,1-------,,35.7089402,139.8435521,true
JP,HRW,Hiraiwa,Hiraiwa,45,AF,1-------,,32.3783673,131.6214147,true
JP,HRK,Hirakata,Hirakata,08,AF,1-------,,34.818215,135.659225,true
JP,HKA,Hirakata,Hirakata,27,RL,--3-----,,34.8,135.65,
JP,HRA,Hirao,Hirao,35,AF,1-------,,33.9380958,132.073375,true
JP,HRR,Hirara,Hirara,47,AF,1-------,,24.8032045,125.3029776,true
JP,HII,Hirasaki,Hirasaki,46,AF,1-------,,,,
JP,HSW,Hirasawa,Hirasawa,05,AF,1-------,,39.2875198,139.9564774,true
JP,HRS,Hirase,Hirase,43,AF,1-------,,36.1709524,136.9036235,true
JP,HIU,Hiratsuka,Hiratsuka,14,RL,1-3-----,,35.31666666666667,139.35,
JP,HRO,Hiro,Hiro,34,AF,1-------,,33.6704625,130.2938327,true
JP,HRH,Hirohata,Hirohata,28,AF,1-------,,37.6489197,140.6010396,true
JP,HIR,Hiroo,Hiroo,01,AF,1-------,,42.285532,143.3116162,true
JP,HOA,"Hirosaki, Aomori","Hirosaki, Aomori",02,AF,--3-----,,40.583333333333336,140.46666666666667,
JP,HIJ,Hiroshima,Hiroshima,34,AF,1--4----,,34.3917241,132.4517589,true
JP,HTA,"Hirota, Iwate","Hirota, Iwate",03,AF,1-------,,33.12712,129.80083,true
JP,HJT,"Hirota, Kagoshima","Hirota, Kagoshima",46,AF,1-------,,31.596793,130.5571949,true
JP,HRU,Hiroura,Hiroura,42,AF,1-------,,32.29944,130.03783,true
JP,HGU,Hirugaura,Hirugaura,42,AF,1-------,,34.3201705,129.27917,true
JP,HSN,Hisanohama,Hisanohama,07,AF,1-------,,37.14067,140.99701,true
JP,HYS,Hisayoshi,Hisayoshi,38,AF,1-------,,32.9425377,132.5461734,true
JP,HMA,Hishima,Hishima,35,AF,1-------,,34.48474,131.37969596308997,true
JP,HIT,Hita,Hita,44,RQ,--3-----,,33.31666666666667,130.93333333333334,
JP,HTC,Hitachi,Hitachi,08,AF,1-------,,36.5991225,140.6504604,true
JP,HIC,Hitachinaka,Hitachinaka,08,AF,1-------,,36.3961235,140.5353397,true
JP,HOM,Hitachiomiya,Hitachiomiya,08,AF,--3-----,,36.583333333333336,140.4,
JP,HTK,Hitakatsu,Hitakatsu,42,AF,1-------,,34.6579573,129.4612598,true
JP,HTY,Hitoyoshi,Hitoyoshi,43,AF,--3-----,,32.21666666666667,130.75,
JP,HTS,Hitsushima,Hitsushima,35,AF,1-------,,34.518071500000005,131.38804113351063,true
JP,HWS,Hiwasa,Hiwasa,36,AF,1-------,,,,
JP,HIZ,Hizenohshima,Hizenohshima,42,AF,1-------,,,,
JP,HUD,Hoda,Hoda,32,AF,1-------,,35.759811,140.524629,true
JP,HOF,Hofu,Hofu,35,QQ,123-----,,34.03333333333333,131.56666666666666,
JP,HHM,Hohomi,Hohomi,32,AF,1-------,,,,
JP,HJO,Hojo,Hojo,38,AF,1-------,,34.9972304,139.8717219,true
JP,HOK,Hoki,Hoki,31,AF,-----6--,,35.38333333333333,133.4,
JP,HKY,Hokuei,Hokuei,31,AF,-----6--,,35.483333333333334,133.76666666666668,
JP,HKO,Hokuto,Hokuto,19,RL,--3-----,,41.85,140.55,
JP,HOO,Hokuto Hokkaido,Hokuto Hokkaido,01,RQ,-----6--,,41.81666666666667,140.65,
JP,HOD,Hondo,Hondo,43,AF,1-------,,35.3073345,136.6462953,true
JP,HJA,Honjima,Honjima,37,AF,1-------,,34.384853,133.77233010464474,true
JP,HON,"Honjo, Akita","Honjo, Akita",05,AF,1-------,,39.7197629,140.1034669,true
JP,HNJ,"Honjo, Kyoto","Honjo, Kyoto",26,AF,1-------,,35.0115754,135.7681441,true
JP,JYO,Honjyo,Honjyo,11,RL,-----6--,,36.21666666666667,139.15,
JP,HKM,Honkushima,Honkushima,38,AF,1-------,,33.2220394,132.5229191,true
JP,HNN,Honmoku,Honmoku,14,AF,1-3-----,,35.4190153,139.654181,true
JP,HPP,Hoppozaki,Hoppozaki,46,AF,1-------,,32.2096245,130.1106347,true
JP,HRE,Horie,Horie,38,AF,1-------,,35.6566696,139.8928495,true
JP,HRI,Horikappu,Horikappu,01,AF,1-------,,43.03333,140.53333,true
JP,HSI,"Hoshika, Nagasaki","Hoshika, Nagasaki",42,AF,1-------,,32.7501611,129.8781002,true
JP,HOS,"Hoshika, Saga","Hoshika, Saga",41,AF,1-------,,33.4535005,129.7914504,true
JP,HSM,Hososhima,Hososhima,45,AF,1-------,,32.4244896,131.666616,true
JP,HOT,Hotokegaura,Hotokegaura,02,AF,1-------,,,,
JP,HKK,Hyakkan,Hyakkan,43,AF,1-------,,34.300715,133.275754,true
JP,HYR,Hyakunoura,Hyakunoura,38,AF,1-------,,33.2242847,132.5250425,true
JP,HOG,Hyogo,Hyogo,28,RL,-23-----,,34.666666666666664,135.16666666666666,
JP,HYU,Hyuga,Hyuga,45,RQ,--3--6--,,32.416666666666664,131.65,
JP,HYG,Hyugadomari,Hyugadomari,44,AF,1-------,,32.79902,131.18079,true
JP,IAK,Ibaraki,Ibaraki,27,QQ,--3-----,,34.8,135.56666666666666,
JP,IBI,Ibiwaga,Ibiwaga,21,RL,-23-----,,35.483333333333334,136.56666666666666,
JP,IBR,Iburi,Iburi,39,AF,1-------,,32.8007578,132.9617357,true
JP,IBS,Ibusuki,Ibusuki,46,AF,1-------,,31.2527953,130.6333097,true
JP,ICD,Icchoda,Icchoda,43,AF,1-------,,,,
JP,ICH,Ichihara,Ichihara,12,AF,1-------,,35.497775,140.1156996,true
JP,ICK,Ichikawa,Ichikawa,12,AF,1-------,,35.721634,139.9309444,true
JP,ICO,Ichikikushikino,Ichikikushikino,46,RL,123-----,,31.716666666666665,130.26666666666668,
JP,IHN,Ichinomiya,Ichinomiya,23,RL,--3-----,,35.28333333333333,136.8,
JP,IEJ,Iejima/Okinawa,Iejima/Okinawa,47,AF,1--4----,,,,
JP,IES,"Ieshima, Hyogo","Ieshima, Hyogo",28,AF,1-------,,26.7217095,127.78983020379746,true
JP,IER,Ieura,Ieura,37,AF,1-------,,34.4802916,134.0567466,true
JP,GMA,Iga,Iga,24,RL,-----6--,,34.766666666666666,136.13333333333333,
JP,IGO,Igo,Igo,32,AF,1-------,,35.427228,134.2723427,true
JP,IHO,Ihota,Ihota,35,AF,1-------,,33.9427903,132.453103,true
JP,III,Ii,Ii,35,AF,1-------,,34.38333,131.28333,true
JP,IIB,Iibi,Iibi,32,AF,1-------,,36.3054551,133.3340746,true
JP,IDA,Iida,Iida,17,AF,1-------,,35.5147101,137.8219519,true
JP,LJM,"Iijima, Nagano","Iijima, Nagano",20,AF,-----6--,,35.666666666666664,137.91666666666666,
JP,INT,Iinoseto,Iinoseto,42,AF,1-------,,,,
JP,LIY,Iiyama,Iiyama,20,RL,--3-----,,36.85,138.36666666666667,
JP,ZKA,Iizuka,Iizuka,40,RL,1----6--,,33.65,130.68333333333334,
JP,IKR,Ikara,Ikara,46,AF,1-------,,32.2244045,130.20139143055556,true
JP,IKT,Ikata,Ikata,38,AF,1-------,,33.4896014,132.3560996,true
JP,IKA,"Ikeda, Kagawa","Ikeda, Kagawa",37,AF,1-------,,34.2589047,134.0851098,true
JP,IKD,"Ikeda, Wakayama","Ikeda, Wakayama",30,AF,1-------,,34.2342931,135.1783549,true
JP,IKE,Ikeshima,Ikeshima,42,AF,1-------,,32.9243747,132.6868415,true
JP,IKI,Iki,Iki,42,AF,---4----,,33.749026,129.785263,true
JP,IKN,Ikina,Ikina,38,AF,1-------,,34.270477,133.178516,true
JP,IKK,Ikitsuki,Ikitsuki,42,AF,1-------,,33.38333333333333,129.43333333333334,
JP,OQM,Ikoma,Ikoma,29,AF,-----6--,,34.68333333333333,135.7,
JP,IKC,Ikuchi,Ikuchi,34,AF,1-------,,34.28645965,133.1092406465715,true
JP,IKU,Ikunohama,Ikunohama,37,AF,1-------,,34.3815912,133.7594878,true
JP,IMB,Imabari,Imabari,38,AF,1-------,,34.061762,133.000489,true
JP,IMA,Imafuku,Imafuku,42,AF,1-------,,35.582498,138.507793,true
JP,IGR,Imagire,Imagire,36,AF,1-------,,,,
JP,IMI,Imari,Imari,41,AF,1-------,,33.2644557,129.8808439,true
JP,IMT,Imazato,Imazato,42,AF,1-------,,35.4287611,139.3883639,true
JP,IMZ,Imazu,Imazu,38,AF,1-------,,33.6066691,130.2571973,true
JP,IMM,Imi,Imi,44,AF,1-------,,33.6804142,131.5971902,true
JP,IMU,Imizu,Imizu,16,AA,--3-----,,36.766666666666666,137.13333333333333,
JP,INA,Ina,Ina,42,AF,1-------,,35.830452,137.954916,true
JP,INJ,Ina Saitama,Ina Saitama,11,AF,-----6--,,36,139.61666666666667,
JP,INN,"Ina, Nagano","Ina, Nagano",20,AF,-----6--,,35.833333333333336,137.83333333333334,
JP,INB,Inabe,Inabe,24,RQ,-23-----,,35.11666666666667,136.56666666666666,
JP,IAI,Inagi,Inagi,,RQ,-----6--,,36.05,139.91666666666666,
JP,INM,Inami,Inami,28,AF,--3-----,,34.75,134.91666666666666,
JP,IHK,Inashiki,Inashiki,08,AF,--3-----,,35.96666666666667,140.31666666666666,
JP,INR,Inatori,Inatori,22,AF,1-------,,34.77574,139.04087,true
JP,IZW,Inazawa,Inazawa,23,RL,1-3-----,,35.25,136.78333333333333,
JP,IDJ,Indohji,Indohji,42,AF,1-------,,,,
JP,INE,Ine,Ine,26,AF,1-------,,35.6751344,135.2727378,true
JP,INS,Innoshima,Innoshima,34,AF,1-------,,34.329096,133.1954369,true
JP,IKZ,Ino,Ino,39,AF,-----6--,,33.55,133.43333333333334,
JP,INO,Inobe,Inobe,46,AF,1-------,,27.4125572,128.6422634,true
JP,IUH,"Inokuchi, Ehime","Inokuchi, Ehime",38,AF,1-------,,34.2679682,133.0451857,true
JP,INK,"Inokushi, Oita","Inokushi, Oita",44,AF,1-------,,,,
JP,IND,Inonada,Inonada,32,AF,1-------,,,,
JP,ING,Inugaura,Inugaura,42,AF,1-------,,34.539899,129.3322563,true
JP,INZ,Inujima,Inujima,33,AF,1-------,,34.563579849999996,134.10313278371547,true
JP,INY,Inuyama,Inuyama,23,RL,--3-----,,35.36666666666667,136.93333333333334,
JP,NZA,Inzai,Inzai,12,AF,-----6--,,35.833333333333336,140.15,
JP,IRK,Irago,Irago,23,AF,1-------,,34.58314,137.0451,true
JP,IRA,Iruma,Iruma,11,AF,-----6--,,34.61666666666667,138.8,
JP,ISS,Isa,Isa,46,AF,--3-----,,32.05,130.6,
JP,ISY,Isahaya,Isahaya,42,AF,1-------,,32.843426,130.0530537,true
JP,IS3,Isawa,Isawa,19,RL,--3-----,,35.65,138.63333333333333,
JP,ISE,Ise,Ise,24,AF,1-------,,34.4996115,136.7271774,true
JP,ISR,Isehara,Isehara,14,RQ,--3-----,,35.38333333333333,139.3,
JP,ISK,Iseki,Iseki,46,AF,1-------,,30.77305,131.06096,true
JP,ISZ,Isesaki,Isesaki,10,AF,-23-----,,36.31666666666667,139.2,
JP,ISB,Ishiba,Ishiba,37,AF,1-------,,35.0025618,135.8757251,true
JP,ISD,Ishida,Ishida,42,AF,1-------,,35.2599081,134.8104867,true
JP,ISG,Ishigaki,Ishigaki,47,AF,1-------,,24.333333333333332,124.15,
JP,IGK,Ishigaki Apt   Okinawa,Ishigaki Apt   Okinawa,47,AF,---4----,ISG,24.4,124.25,
JP,ISI,Ishikari,Ishikari,01,AF,1-------,,43.171677,141.3159605,true
JP,ICW,Ishikariwan Shinko,Ishikariwan Shinko,,RL,1-------,,43.35,141.5,
JP,IKW,Ishikawa,Ishikawa,47,RL,1-3-----,,26.416666666666668,127.81666666666666,
JP,ISH,Ishima,Ishima,33,AF,1-------,,34.492794,134.01609523505437,true
JP,ISM,Ishinomaki,Ishinomaki,04,AF,1-------,,38.4341281,141.3028087,true
JP,ISO,Ishioka,Ishioka,08,AF,-----6--,,36.18333333333333,140.26666666666668,
JP,ISC,Ishiwaki,Ishiwaki,31,AF,1-------,,39.399452,140.042301,true
JP,ISX,Isozaki,Isozaki,08,AF,1-------,,38.385725,141.0813557,true
JP,ISA,Issai,Issai,39,AF,1-------,,32.7827917,132.6391303,true
JP,IKJ,Isshiki,Isshiki,23,AF,1-------,,35.336803,136.358184,true
JP,KYR,Isso,Isso,46,AF,1-------,,30.4539072,130.4862318,true
JP,ISU,Isuwan,Isuwan,46,AF,1-------,,,,
JP,ITB,Itabashi,Itabashi,13,RL,-23-----,,35.75,139.71666666666667,
JP,ITK,Itako,Itako,08,AF,1-------,,35.9468365,140.5555421,true
JP,IUA,Itakura,Itakura,10,AA,--3--6--,,36.21666666666667,139.6,
JP,ITA,Itami/Hyogo,Itami/Hyogo,28,RL,-23-----,,34.78333333333333,135.4,
JP,ITU,"Itoh, Shimane","Itoh, Shimane",32,AF,1-------,,35.88406,139.59806,true
JP,ITJ,"Itoh, Shizuoka","Itoh, Shizuoka",22,AF,1-------,,34.993998,138.414277,true
JP,ITW,Itoigawa,Itoigawa,15,RQ,--3-----,,37.03333333333333,137.85,
JP,ITM,Itoman,Itoman,47,AM,--3-----,,26.116666666666667,127.66666666666667,
JP,TSV,"Itoshima, Fukuoka","Itoshima, Fukuoka",40,AF,-----6--,,33.55,130.18333333333334,
JP,ITO,Itozaki,Itozaki,34,AF,1-------,,,,
JP,ITS,Itsukushima,Itsukushima,34,AF,1-------,,34.271448,132.30887218047832,true
JP,IWD,Iwade,Iwade,30,AA,-23--6--,,34.25,135.31666666666666,
JP,IWH,Iwafune,Iwafune,15,AF,1-------,,38.1092622,139.6464765,true
JP,IWG,"Iwagi,Ehime","Iwagi,Ehime",38,AF,1-------,,34.2534818,133.1453121,true
JP,IWI,Iwaki,Iwaki,07,AF,1-------,,37.0504227,140.8876338,true
JP,IWK,Iwakuni,Iwakuni,35,AF,1-------,,34.1664995,132.2191163,true
JP,IWU,Iwakura Aichi,Iwakura Aichi,23,AF,-----6--,,35.28333333333333,136.86666666666667,
JP,IWA,Iwamatsu,Iwamatsu,38,AF,1-------,,33.11825,132.499587,true
JP,IWJ,Iwami,Iwami,28,RL,---4----,,34.68333333333333,131.78333333333333,
JP,HDD,Iwamizawa,Iwamizawa,01,AF,-----6--,,43.2,141.75,
JP,IWN,Iwanai,Iwanai,01,AF,1-------,,42.9797765,140.5147577,true
JP,IAT,Iwata,Iwata,22,AF,--3-----,,34.7,137.85,
JP,IWY,Iwaya,Iwaya,28,AF,1-------,,34.7788467,135.4433014,true
JP,IDM,Iwayadomari,Iwayadomari,46,AF,1-------,,30.4793,130.15845,true
JP,IOU,"Iwojima, Kagoshima","Iwojima, Kagoshima",46,AF,1-------,,31.596793,130.5571949,true
JP,IWT,"Iwojima, Nagasaki","Iwojima, Nagasaki",42,AF,1-------,,32.7501611,129.8781002,true
JP,IWO,"Iwojima, Tokyo","Iwojima, Tokyo",13,AF,---4----,,24.7851883,141.3241156880049,true
JP,IYA,Iya,Iya,32,AF,1-------,,33.713021,135.618983,true
JP,IYO,Iyo,Iyo,38,AF,1-------,,33.7578962,132.7039458,true
JP,IYM,Iyomishima,Iyomishima,38,AF,1-------,,,,
JP,UZI,Izu,Izu,22,AF,--3-----,,34.983333333333334,138.95,
JP,IZH,Izuhara,Izuhara,42,AF,1-------,,34.2022882,129.288952,true
JP,IZU,Izuka,Izuka,37,AF,1-------,,34.32833,134.26167,true
JP,IUZ,Izumi,Izumi,46,AM,--3--6--,,32.083333333333336,130.35,
JP,IZM,"Izumi, Aichi","Izumi, Aichi",23,AF,1-------,,34.4831932,135.4232139,true
JP,IZI,"Izumi, Nagasaki","Izumi, Nagasaki",42,AF,1-------,,33.731445550000004,129.90589267494747,true
JP,ZKU,"Izumi, Osaka","Izumi, Osaka",27,AF,--3-----,,34.483333333333334,135.43333333333334,
JP,IZT,Izumiotsu,Izumiotsu,27,RQ,--3-----,,34.5,135.4,
JP,IZS,Izumisano,Izumisano,27,AF,1-------,,34.394629,135.322725,true
JP,IZO,Izumo,Izumo,32,AF,1--4----,,35.41314345,132.88780550678308,true
JP,JTS,Joetsu,Joetsu,15,RL,123-----,,37.15,138.23333333333332,
JP,JKW,Jokawauchi,Jokawauchi,46,AF,1-------,,32.136373,130.129653,true
JP,JON,Jonoshita,Jonoshita,42,AF,1-------,,35.84434,139.56997,true
JP,JOS,Joso,Joso,,RL,--3-----,,36.03333333333333,139.96666666666667,
JP,JOY,Joyo,Joyo,26,AF,-----6--,,34.833333333333336,135.76666666666668,
JP,KAB,Kabanoki,Kabanoki,43,AF,1-------,,32.72836,130.93173,true
JP,KBM,Kabashima,Kabashima,42,AF,1-------,,32.766684,128.99509713274335,true
JP,KAA,Kada,Kada,30,AF,1-------,,34.2763495,135.0774197,true
JP,DNA,Kadena,Kadena,47,AF,---45---,,26.3485723,127.77442685284232,true
JP,KDW,Kadokawa,Kadokawa,45,AF,1-------,,,,
JP,KDO,Kadokura,Kadokura,46,AF,1-------,,,,
JP,KDD,Kadoma,Kadoma,27,AF,-----6--,,34.733333333333334,135.58333333333334,
JP,KBK,Kafuka,Kafuka,01,AF,1-------,,34.9686828,136.1714099,true
JP,KAF,Kafuri,Kafuri,40,AF,1-------,,33.54783,130.16359,true
JP,KGD,Kaga,Kaga,17,AF,-----6--,,36.3,136.31666666666666,
JP,KJG,"Kaga, Shimane","Kaga, Shimane",32,AF,1-------,,36.3,136.33333,true
JP,KGM,Kagami,Kagami,43,AF,1-------,,35.1202475,133.9571937,true
JP,KGZ,Kagamino,Kagamino,33,AF,--3-----,,35.1,133.93333333333334,
JP,KOJ,Kagoshima,Kagoshima,46,AF,1--4----,,31.590578,130.540904,true
JP,SZQ,Kai,Kai,19,AF,-----6--,,35.666666666666664,138.51666666666668,
JP,KGT,Kaigata,Kaigata,46,AF,1-------,,31.533897,130.754483,true
JP,KAI,Kainan,Kainan,30,AF,1-------,,34.1548656,135.2092791,true
JP,KAD,Kaita,Kaita,34,AF,1-------,,34.3663779,132.5362246,true
JP,KAZ,Kaizaki,Kaizaki,32,AF,1-------,,32.998077,131.882313,true
JP,KZA,Kaizuka,Kaizuka,27,AF,--3-----,,34.4374998,135.3581719,true
JP,KJK,Kajiki,Kajiki,46,AF,1-------,,32.3704065,130.6489259,true
JP,KKG,Kakamigahara,Kakamigahara,21,AF,-----6--,,35.416666666666664,136.86666666666667,
JP,KGW,Kakegawa,Kakegawa,22,RL,--3-----,,34.766666666666666,138.01666666666668,
JP,KER,Kakeroma,Kakeroma,46,AF,1-------,,28.131697000000003,129.23260880670347,true
JP,KGA,Kakogawa,Kakogawa,28,AF,1-------,,34.786771,134.8498955,true
JP,KMA,Kama,Kama,35,RL,0-------,,33.5632103,130.7118029,true
JP,K4A,Kama,Kama,40,AA,--3--6--,,33.56666666666667,130.71666666666667,
JP,KAJ,"Kama, Shimane","Kama, Shimane",32,AF,1-------,,33.5632103,130.7118029,true
JP,KME,Kamae,Kamae,44,AF,1-------,,32.8160302,131.8972033,true
JP,KGR,Kamagari,Kamagari,34,AF,1-------,,34.18654295,132.66630645048417,true
JP,KGY,"Kamagaya, Chiba","Kamagaya, Chiba",12,AF,--3-----,,35.75,140.01666666666668,
JP,KIS,Kamaishi,Kamaishi,03,AF,1-------,,39.2757463,141.8858151,true
JP,AAK,Kamakura,Kamakura,14,AF,--3-----,,35.3,139.55,
JP,KEE,Kameike,Kameike,47,AF,1-------,,,,
JP,KEO,Kameoka,Kameoka,26,AF,-----6--,,35.016666666666666,135.56666666666666,
JP,KAM,Kametoku,Kametoku,46,AF,1-------,,27.7444579,129.0231478,true
JP,KJM,"Kameura, Kumamoto","Kameura, Kumamoto",43,AF,1-------,,32.8033909,130.7082737,true
JP,KMR,"Kameura, Tokushima","Kameura, Tokushima",36,AF,1-------,,34.0698307,134.5550353,true
JP,KAY,Kameyama,Kameyama,24,AF,--3-----,,34.85,136.43333333333334,
JP,KAH,Kamihira,Kamihira,43,AF,1-------,,32.28672,130.12928,true
JP,QIK,"Kamiita, Tokushima","Kamiita, Tokushima",36,AF,-----6--,,34.11666666666667,134.4,
JP,KKT,Kamikatetsu,Kamikatetsu,46,AF,1-------,,28.2806116,129.9474263,true
JP,ZKK,"Kamikatsu, Tokushima","Kamikatsu, Tokushima",36,AF,-----6--,,33.88333333333333,134.4,
JP,KMW,Kamikawaguchi,Kamikawaguchi,39,AF,1-------,,33.0395173,133.05591,true
JP,KMM,Kaminato,Kaminato,13,AF,1-------,,33.12891,139.80699,true
JP,KMF,Kaminofuruta,Kaminofuruta,46,AF,1-------,,,,
JP,KMK,Kaminokae,Kaminokae,39,AF,1-------,,33.2828946,133.2387655,true
JP,KOX,Kaminoseki,Kaminoseki,35,AF,1-------,,33.8308994,132.1101117,true
JP,KIU,"Kamisu, Ibaraki","Kamisu, Ibaraki",08,RL,--3-----,,35.88333333333333,140.66666666666666,
JP,KSG,Kamisunagawa,Kamisunagawa,01,RQ,--3-----,,43.483333333333334,141.98333333333332,
JP,KMU,Kamiura,Kamiura,38,AF,1-------,,37.75831,139.059222,true
JP,KMY,Kamiyakunagata,Kamiyakunagata,46,AF,1-------,,,,
JP,KMO,Kamo,Kamo,06,AF,1-------,,37.6661851,139.04018,true
JP,KSE,Kamoise,Kamoise,42,AF,1-------,,34.33333,129.3,true
JP,KYK,Kanayaki,Kanayaki,43,AF,1-------,,,,
JP,KNZ,Kanazawa,Kanazawa,17,AF,1-------,,36.561627,136.6568822,true
JP,KND,"Kanda, Fukuoka","Kanda, Fukuoka",40,AF,1-------,,33.5898988,130.4017509,true
JP,KGU,Kanegusuku,Kanegusuku,47,AF,1-------,,26.1366864,127.6765931,true
JP,ANI,Kani,Kani,21,QQ,--3-----,,35.4261093,137.0613166,true
JP,KNM,Kanmon,Kanmon,40,RQ,1-------,,33.9,130.91666666666666,
JP,KJN,Kannonji,Kannonji,37,AF,1-------,,35.4204851,133.3565842,true
JP,KRA,Kannoura,Kannoura,39,AF,1-------,,33.5487807,134.2984199,true
JP,KKW,Kanokawa,Kanokawa,34,AF,1-------,,34.1973337,132.4441488,true
JP,KYA,Kanoya,Kanoya,46,AF,1-------,,31.3780472,130.8525167,true
JP,KIX,Kansai Int Apt,Kansai Int Apt,27,AF,---4----,,,,
JP,KTC,Kanuma,Kanuma,09,AF,-----6--,,36.56666666666667,139.73333333333332,
JP,KRK,Karakizaki,Karakizaki,43,AF,1-------,,,,
JP,KKA,Karakuma,Karakuma,46,AF,1-------,,32.1177249,130.1220047,true
JP,KTM,Karatomari,Karatomari,40,AF,1-------,,,,
JP,KAR,Karatsu,Karatsu,41,AF,1-------,,33.4503405,129.9679345,true
JP,IKF,"Kariya, Aichi","Kariya, Aichi",23,AF,-----6--,,34.983333333333334,136.98333333333332,
JP,KRY,"Kariya, Saga","Kariya, Saga",41,AF,1-------,,33.47654,129.84817,true
JP,KRB,Karubi,Karubi,32,AF,1-------,,35.5699911,133.2984999,true
JP,WUZ,"Karuizawa, Nagano","Karuizawa, Nagano",20,AF,-----6--,,36.35,138.6,
JP,KAN,Karuno,Karuno,08,AF,1-------,,35.1658977,136.2493027,true
JP,KSD,Kasado,Kasado,35,AF,1-------,,33.9602425,131.85478221543264,true
JP,SKJ,Kasai,Kasai,28,AF,-----6--,,34.93333333333333,134.83333333333334,
JP,CXZ,Kasama,Kasama,08,AF,-----6--,,36.38333333333333,140.23333333333332,
JP,KSA,Kasaoka,Kasaoka,33,AF,1-------,,34.5071461,133.5074654,true
JP,KSS,"Kasasa, Kagoshima","Kasasa, Kagoshima",46,AF,1-------,,31.596793,130.5571949,true
JP,KSY,"Kasasa, Yamaguchi","Kasasa, Yamaguchi",35,AF,1-------,,34.1781317,131.4737077,true
JP,KAC,Kasaura,Kasaura,32,AF,1-------,,35.578627,133.1291401,true
JP,KDJ,Kasedo,Kasedo,46,AF,1-------,,,,
JP,KAS,"Kashihara, Nara","Kashihara, Nara",29,AF,--3-----,,34.5,135.78333333333333,
JP,KKZ,Kashikojima,Kashikojima,24,AF,1-------,,,,
JP,KSM,"Kashima, Ibaraki","Kashima, Ibaraki",08,AF,1-------,,34.8161302,135.5685528,true
JP,KSC,"Kashima, Saga","Kashima, Saga",41,AF,1-------,,33.1039529,130.0985169,true
JP,KAE,Kashimae,Kashimae,42,AF,1-------,,,,
JP,KAO,Kashino,Kashino,33,AF,1-------,,33.4686718,135.8506787,true
JP,KMC,"Kashiwa, Chiba","Kashiwa, Chiba",12,AF,--3-----,,35.86666666666667,139.98333333333332,
JP,KSW,"Kashiwa, Ehime","Kashiwa, Ehime",38,AF,1-------,,33.01993,132.4984,true
JP,KHA,Kashiwara,Kashiwara,27,AF,--3-----,,34.56666666666667,135.61666666666667,
JP,KWZ,Kashiwazaki,Kashiwazaki,15,AF,1-------,,37.3719095,138.5591406,true
JP,KGI,Kasugai,Kasugai,23,AF,--3-----,,35.2476278,136.9721611,true
JP,KAK,Kasukabe,Kasukabe,11,RL,--3-----,,35.96666666666667,139.75,
JP,KXS,Kasumi,Kasumi,28,AF,1-------,,35.5187298,134.853176,true
JP,KAU,Kasumigaura,Kasumigaura,08,RL,1-3-----,,36.03333333333333,140.21666666666667,
JP,ASU,Kasuya,Kasuya,40,RL,1----6--,,33.61666666666667,130.48333333333332,
JP,KTZ,Kata,Kata,24,AF,1-------,,32.93995,131.04509,true
JP,KDR,Katadomari,Katadomari,46,AF,1-------,,30.8333478,129.9094595,true
JP,KTI,Kataichi,Kataichi,34,RL,0-------,,,,
JP,KKM,Katakami,Katakami,33,AF,1-------,,34.7462764,134.1952274,true
JP,KTK,Kataku,Kataku,44,AF,1-------,,33.6409174,131.5047606,true
JP,KTS,Katashima,Katashima,39,AF,1-------,,33.5474395,129.8799741,true
JP,KBA,Katasoba,Katasoba,46,AF,1-------,,,,
JP,KTT,Kato,Kato,28,AF,--3-----,,34.916666666666664,134.96666666666667,
JP,ICQ,Katori,Katori,12,AF,-----6--,,35.68333333333333,140.5,
JP,ORI,Katori-Gun,Katori-Gun,12,RL,-----6--,,35.71666666666667,140.41666666666666,
JP,KSU,Katsumoto,Katsumoto,42,AF,1-------,,33.83333,129.68333,true
JP,FSR,"Katsuragi, Nara","Katsuragi, Nara",29,AF,-----6--,,34.483333333333334,135.73333333333332,
JP,KHK,Katsushika-Ku,Katsushika-Ku,13,AF,-----6--,,35.733333333333334,139.85,
JP,KSI,Katsuta,Katsuta,08,AF,--3-----,,34.7735602,138.1715781,true
JP,KUR,"Katsuura, Chiba","Katsuura, Chiba",12,AF,1-------,,35.6070629,140.1062653,true
JP,KAT,"Katsuura, Wakayama","Katsuura, Wakayama",30,AF,1-------,,34.2342931,135.1783549,true
JP,GWB,Kawaba,Kawaba,10,AF,-----6--,,36.7,139.1,
JP,KWO,Kawachi Nagano,Kawachi Nagano,27,AF,-23-----,,34.45,135.55,
JP,KCH,"Kawachi, Kumamoto","Kawachi, Kumamoto",43,AF,1-------,,32.8033909,130.7082737,true
JP,KWC,"Kawachi, Nagasaki","Kawachi, Nagasaki",42,AF,1-------,,32.7501611,129.8781002,true
JP,KWE,Kawagoe,Kawagoe,11,RL,--3-----,,35.9,139.48333333333332,
JP,WAG,"Kawagoe, Mie","Kawagoe, Mie",24,AF,--3-----,,35.016666666666666,136.66666666666666,
JP,KWG,Kawaguchi,Kawaguchi,11,AF,--3-----,,35.833333333333336,139.71666666666667,
JP,KWU,"Kawaguchi, Saitama","Kawaguchi, Saitama",11,RL,--3-----,,35.8,139.71666666666667,
JP,JIM,Kawajima,Kawajima,11,RL,--3-----,,35.983333333333334,139.48333333333332,
JP,KWJ,"Kawajiri, Hiroshima","Kawajiri, Hiroshima",34,AF,1-------,,34.3917241,132.4517589,true
JP,KWR,"Kawajiri, Ibaraki","Kawajiri, Ibaraki",08,AF,1-------,,34.8161302,135.5685528,true
JP,KWA,Kawanazu,Kawanazu,38,AF,1-------,,33.424443,132.406685,true
JP,KHW,Kawanishi,Kawanishi,28,AF,--3-----,,34.81666666666667,135.41666666666666,
JP,KWN,Kawanoe,Kawanoe,38,AF,1-------,,34.01667,133.56667,true
JP,KWI,Kawanoishi,Kawanoishi,38,AF,1-------,,33.481135,132.40109,true
JP,KAG,Kawarago,Kawarago,08,AF,1-------,,33.98333,135.36667,true
JP,KWS,Kawasaki,Kawasaki,14,AF,1-------,,35.5306639,139.7037668,true
JP,KWM,Kawashimo,Kawashimo,32,AF,1-------,,43.0672379,141.4475318,true
JP,KWT,Kawatana,Kawatana,42,AF,1-------,,33.0745898,129.8532263,true
JP,KAW,Kawauchi,Kawauchi,02,AF,1-------,,37.3375509,140.8094622,true
JP,KZO,Kazo,Kazo,11,QQ,--3-----,,36.11666666666667,139.6,
JP,KZH,Kazuhara,Kazuhara,37,AF,1-------,,34.2571305,133.7698628,true
JP,KZM,Kazume,Kazume,42,AF,1-------,,34.789068,134.802834,true
JP,KZS,Kazusaminato,Kazusaminato,12,AF,1-------,,,,
JP,KEB,Kebuki,Kebuki,42,AF,1-------,,,,
JP,KEC,Kechi,Kechi,42,AF,1-------,,34.2696989,129.3113324,true
JP,KEG,Kegoya,Kegoya,34,AF,1-------,,34.211063,132.5455693,true
JP,KEJ,Keraji,Keraji,46,AF,1-------,,28.2929314,129.9763512,true
JP,KJP,Kerama,Kerama,47,AF,---4----,,26.230173,127.37040535928143,true
JP,KEM,Keruma,Keruma,47,AF,1-------,,,,
JP,KSN,Kesennuma,Kesennuma,04,AF,1-------,,38.9080078,141.5698223,true
JP,KIA,Kiami,Kiami,32,AF,1-------,,,,
JP,KIB,Kibe,Kibe,44,AF,1-------,,33.545776,131.268977,true
JP,KGJ,Kigasajima,Kigasajima,37,AF,1-------,,,,
JP,KHR,Kihara,Kihara,34,AF,1-------,,35.2426968,134.2252852,true
JP,KII,Kiire,Kiire,46,AF,1-------,,31.3701024,130.5418877,true
JP,KZI,Kijima,Kijima,33,AF,1-------,,36.843595,138.371781,true
JP,KKX,Kikaishima,Kikaishima,46,AF,1--4----,,28.316666666666666,129.98333333333332,
JP,KKH,Kikuchi Kumamoto,Kikuchi Kumamoto,43,AF,-----6--,,32.983333333333334,130.81666666666666,
JP,KWW,Kikugawa,Kikugawa,22,AF,--3-----,,34.7,138.11666666666667,
JP,KIK,Kikuma,Kikuma,38,AF,1-------,,34.03566,132.84119,true
JP,KUY,Kikuyo,Kikuyo,43,AF,--3-----,,32.85,130.81666666666666,
JP,KMT,Kimitsu,Kimitsu,12,AF,1-------,,35.3302375,139.902551,true
JP,KNN,Kin,Kin,42,AF,1-------,,26.4560814,127.9260347,true
JP,KIM,Kineshima,Kineshima,37,AF,1-------,,,,
JP,KJO,Kinjo,Kinjo,23,AF,1-------,,35.19596,136.90091,true
JP,KNK,Kinkasan,Kinkasan,04,AF,1-------,,38.291282,141.56754518856448,true
JP,KNX,KinNakagusuku,KinNakagusuku,47,AF,1-------,,,,
JP,KNE,Kinoe,Kinoe,34,AF,1-------,,34.2360689,132.9104384,true
JP,KOW,Kinokawa,Kinokawa,30,RQ,-----6--,,34.266666666666666,135.35,
JP,KNT,Kinomoto,Kinomoto,24,AF,1-------,,34.263719,135.125747,true
JP,KNU,Kinuura,Kinuura,23,AF,1-------,,,,
JP,KIN,Kinwan,Kinwan,47,AF,1-------,,,,
JP,KJR,Kiriishi,Kiriishi,46,AF,1-------,,35.467048,138.4394173,true
JP,KRT,Kiritappu,Kiritappu,01,AF,1-------,,43.0800556,145.1227641,true
JP,KYU,Kiryu,Kiryu,10,AF,-----6--,,36.4,139.33333333333334,
JP,KST,Kisakata,Kisakata,05,AF,1-------,,39.2121,139.90165,true
JP,KNJ,Kisane,Kisane,32,AF,1-------,,,,
JP,KZU,Kisarazu,Kisarazu,12,AF,1-------,,35.3810808,139.9247334,true
JP,KIW,Kisawa,Kisawa,37,AF,1-------,,34.368667,133.923825,true
JP,KSH,Kishiku,Kishiku,42,AF,1-------,,32.7538958,128.7643361,true
JP,KSR,Kishira,Kishira,46,AF,1-------,,31.2091311,130.9827375,true
JP,KDA,Kishiwada,Kishiwada,27,AF,1-------,,34.4644,135.385237,true
JP,KIO,"Kiso, Nagano","Kiso, Nagano",20,AF,-----6--,,35.833333333333336,137.68333333333334,
JP,KTX,Kita/Kitadaito,Kita/Kitadaito,47,AF,1-------,,35.750857,139.737404,true
JP,KDX,Kita/Minamidaito,Kita/Minamidaito,47,AF,1-------,,25.8624221,131.2377856,true
JP,KTD,Kitadaito Apt,Kitadaito Apt,47,AF,---4----,,25.933333333333334,131.3,
JP,KTN,Kitakami,Kitakami,03,RL,123-----,,39.28333333333333,141.11666666666667,
JP,KQT,"Kitakata, Fukushima","Kitakata, Fukushima",07,AF,-----6--,,37.65,139.86666666666667,
JP,KTL,Kitakijima,Kitakijima,33,AF,1-------,,,,
JP,KKJ,Kitakyushu,Kitakyushu,40,AF,12345---,,33.833333333333336,130.83333333333334,
JP,KIH,Kitami,Kitami,01,AF,--3-----,,43.8,143.88333333333333,
JP,KTA,Kitanada,Kitanada,38,AF,1-------,,33.149139,132.470566,true
JP,GTK,Kitanagoya,Kitanagoya,23,AA,1-------,,35.233333333333334,136.85,
JP,KJT,"Kitaura, Akita","Kitaura, Akita",05,AF,1-------,,39.7197629,140.1034669,true
JP,KIR,"Kitaura, Ehime","Kitaura, Ehime",38,AF,1-------,,33.4545738,132.5098092,true
JP,KTR,"Kitaura, Kagawa","Kitaura, Kagawa",37,AF,1-------,,33.61736,130.31221,true
JP,KIT,"Kitaura, Miyazaki","Kitaura, Miyazaki",45,AF,1-------,,31.9076334,131.4204022,true
JP,KSF,Kitsuki,Kitsuki,44,AF,1----6--,,33.416666666666664,131.61666666666667,
JP,KYS,"Kiyose, Tokyo","Kiyose, Tokyo",13,AF,--3-----,,35.766666666666666,139.51666666666668,
JP,KYW,Kiyosu Aichi,Kiyosu Aichi,23,AF,-----6--,,35.21666666666667,136.83333333333334,
JP,KZG,Kizugawa,Kizugawa,26,AF,-----6--,,34.733333333333334,135.81666666666666,
JP,KBT,Kobato,Kobato,42,AF,1-------,,38.69276,139.64904,true
JP,UKB,Kobe,Kobe,28,AF,12345---,,34.68333333333333,135.16666666666666,
JP,ZAI,"Kobe, Kyota","Kobe, Kyota",26,RL,-----6--,,35.6,135.1,
JP,KBS,Kobishima,Kobishima,33,AF,1-------,,,,
JP,KBI,Kobui,Kobui,01,AF,1-------,,,,
JP,KCZ,Kochi,Kochi,39,AF,1--4----,,33.5680384,133.5394221,true
JP,KDI,Kodai,Kodai,42,AF,1-------,,35.5813016,139.57919887151928,true
JP,KOQ,"Kodaira, Tokyo","Kodaira, Tokyo",13,AF,-----6--,,35.71666666666667,139.46666666666667,
JP,KDK,Kodakashima,Kodakashima,44,AF,1-------,,,,
JP,KOD,"Kodomari, Aomori","Kodomari, Aomori",02,AF,1-------,,40.8222833,140.7472027,true
JP,KDM,"Kodomari, Kumamoto","Kodomari, Kumamoto",43,AF,1-------,,32.8033909,130.7082737,true
JP,KUF,Kofu,Kofu,19,RL,123--6--,,35.6652481,138.5710441,true
JP,KGX,Koga,Koga,40,RL,--3-----,,33.71666666666667,130.46666666666667,
JP,KGQ,"Koga, Ibaraki","Koga, Ibaraki",08,AF,--3-----,,36.18333333333333,139.71666666666667,
JP,KGN,Koganei,Koganei,13,AF,--3-----,,35.68333333333333,139.5,
JP,KGC,Koguchi,Koguchi,42,AF,1-------,,36.7758198,140.1493692,true
JP,KOG,"Kogushi, Okayama","Kogushi, Okayama",33,AF,1-------,,34.6553944,133.9194595,true
JP,KGS,"Kogushi, Yamaguchi","Kogushi, Yamaguchi",35,AF,1-------,,34.1781317,131.4737077,true
JP,KOH,Kohama,Kohama,47,AF,1-------,,24.333333333333332,123.98333333333333,
JP,KJA,Kohjima,Kohjima,33,AF,1-------,,,,
JP,KZR,Kohjiro,Kohjiro,42,AF,1-------,,,,
JP,KOO,Kohmen,Kohmen,46,AF,1-------,,,,
JP,KNR,Kohnoura,Kohnoura,42,AF,1-------,,,,
JP,KFU,Kohtsufukae,Kohtsufukae,43,AF,1-------,,,,
JP,KTU,Kohtsuura,Kohtsuura,43,AF,1-------,,,,
JP,KKL,Kohzaki,Kohzaki,42,AF,1-------,,,,
JP,KOU,Kohzujima,Kohzujima,13,AF,1-------,,,,
JP,KOI,Koike/Uwajima,Koike/Uwajima,38,AF,1-------,,40.18835,141.16088,true
JP,KXX,Koka,Koka,25,RQ,--3-----,,34.96666666666667,136.16666666666666,
JP,KKB,Kokubo,Kokubo,38,AF,1-------,,33.207576,132.521259,true
JP,KKN,Kokubunji,Kokubunji,13,RL,-----6--,,35.7,139.46666666666667,
JP,KOK,Kokura,Kokura,40,AF,1-3-----,,33.8,130.88333333333333,
JP,KIE,"Komae, Tokyo","Komae, Tokyo",13,AF,--3-----,,35.63333333333333,139.58333333333334,
JP,KG3,Komagane,Komagane,20,RL,--3-----,,35.71666666666667,137.93333333333334,
JP,KKI,Komaki,Komaki,23,AF,--3-----,,35.3066073,136.934098,true
JP,KMQ,"Komatsu, Ishikawa","Komatsu, Ishikawa",17,AF,---4----,,36.39344695,136.40924640121113,true
JP,KMX,"Komatsu, Yamaguchi","Komatsu, Yamaguchi",35,AF,1-------,,36.4032931,136.4495465,true
JP,KOM,Komatsushima,Komatsushima,36,AF,1-------,,34.0044235,134.5906577,true
JP,KKO,Komenotsu,Komenotsu,46,AF,1-------,,32.11667,130.35,true
JP,KMN,Kominato,Kominato,02,AF,1-------,,35.116816,140.202993,true
JP,KMD,Komoda,Komoda,42,AF,1-------,,34.23333,129.2,true
JP,KAX,Komoe,Komoe,28,AF,1-------,,35.0110055,134.9936972,true
JP,KRG,Komoro,Komoro,20,AM,--3-----,,36.31666666666667,138.43333333333334,
JP,KKE,Komukae,Komukae,42,AF,1-------,,34.8547933,136.9236416,true
JP,KNI,Konagai,Konagai,42,AF,1-------,,,,
JP,KOF,Konan,Konan,07,AF,1-------,,33.5644902,133.7006682,true
JP,KNC,"Konan, Shiga","Konan, Shiga",25,AF,--3-----,,35,136.08333333333334,
JP,KNB,Konbukariishi,Konbukariishi,01,AF,1-------,,,,
JP,KNY,Koniya,Koniya,46,AF,1-------,,28.147914,129.315412,true
JP,ZAC,"Konohana-Ku, Osaka","Konohana-Ku, Osaka",27,RL,-----6--,,34.666666666666664,135.43333333333334,
JP,KON,Konoshima,Konoshima,33,AF,1-------,,34.4645893,133.5013868,true
JP,NOS,Konosu,Konosu,11,AF,--3-----,,36.06666666666667,139.51666666666668,
JP,KNO,Konoura,Konoura,05,AF,1-------,,33.9242465,132.3771059,true
JP,KIY,Koriyama,Koriyama,07,AF,-23-----,,37.404937,140.333381,true
JP,KO2,Kosai,Kosai,22,RL,--3-----,,34.71666666666667,137.51666666666668,
JP,KHI,Kosai-Shi,Kosai-Shi,22,AF,--3-----,,34.71666666666667,137.55,
JP,KOS,Kose,Kose,37,AF,1-------,,34.9797679,134.1303525,true
JP,APP,Koshi,Koshi,43,AF,1----6--,,32.88333333333333,130.78333333333333,
JP,KOA,Koshigaya,Koshigaya,11,AF,--3-----,,35.88333333333333,139.78333333333333,
JP,KJJ,Koshima,Koshima,46,AF,1-------,,30.2380287,130.5312896,true
JP,KSX,Kosuki,Kosuki,46,AF,1-------,,,,
JP,KTJ,Kotakarajima,Kotakarajima,46,AF,1-------,,,,
JP,KOT,Koto-Ku,Koto-Ku,13,AF,-----6--,,35.666666666666664,139.81666666666666,
JP,JKT,Kotoura,Kotoura,33,AF,1-------,,35.495189,133.692815,true
JP,KTO,Kottoi,Kottoi,35,AF,1-------,,34.31918,130.89716,true
JP,KOR,"Koura, Kagawa","Koura, Kagawa",37,AF,1-------,,34.22512,129.30145,true
JP,KJU,"Koura, Kagoshima","Koura, Kagoshima",46,AF,1-------,,31.596793,130.5571949,true
JP,KKR,Kouri,Kouri,47,AF,1-------,,26.7010213,128.0200016,true
JP,KWX,Kowa,Kowa,23,AF,1-------,,44.5771789,142.8908765,true
JP,KOY,Koyoh/Etajima,Koyoh/Etajima,34,AF,1-------,,34.23863,132.47967,true
JP,KYO,Koyoh/Kawajiri,Koyoh/Kawajiri,34,AF,1-------,,,,
JP,KOB,Koza,Koza,30,AF,1-------,,33.5174691,135.8301748,true
JP,KZJ,Kozai,Kozai,37,AF,1-------,,34.3536262,133.9929072,true
JP,KZE,Kozera,Kozera,42,AF,1-------,,33.0772036,129.1092253,true
JP,KZK,Kozukushi,Kozukushi,39,AF,1-------,,32.8812366,132.7243758,true
JP,KOZ,Kozuna,Kozuna,42,AF,1-------,,34.4199031,129.2834615,true
JP,KBU,Kubuki,Kubuki,42,AF,1-------,,31.845907,130.446041,true
JP,KBR,Kubura,Kubura,47,AF,1-------,,24.4515908,122.9452889,true
JP,KCF,Kuchinofukuura,Kuchinofukuura,46,AF,1-------,,32.2079168,130.1450069,true
JP,KUC,Kuchinotsu,Kuchinotsu,42,AF,1-------,,32.6,130.18333,true
JP,KJD,Kudadon,Kudadon,46,AF,1-------,,28.2285487,129.1919446,true
JP,KUD,Kudamatsu,Kudamatsu,35,AF,1-------,,34.0149872,131.8704567,true
JP,KUG,Kugui,Kugui,33,AF,1-------,,34.5880196,134.0823293,true
JP,KJI,"Kuji, Iwate","Kuji, Iwate",03,AF,1-------,,40.1904323,141.7756812,true
JP,KKU,"Kuji, Kagoshima","Kuji, Kagoshima",46,AF,1-------,,31.596793,130.5571949,true
JP,KRR,Kujiragaura,Kujiragaura,42,AF,1-------,,,,
JP,KGB,Kuka,Kuka,35,AF,1-------,,33.9466795,132.2529257,true
JP,KKY,Kuki,Kuki,11,RL,-----6--,,36.06666666666667,139.66666666666666,
JP,KMG,Kumagaya,Kumagaya,11,AF,--3-----,,36.1472472,139.3886141,true
JP,KGE,Kumage,Kumage,44,AF,1-------,,33.66166,131.64357,true
JP,KGO,Kumago,Kumago,38,AF,1-------,,34.2196157,133.0690538,true
JP,KMJ,Kumamoto,Kumamoto,43,AF,1--4----,,32.805964,130.739073,true
JP,KUU,Kumanoe,Kumanoe,45,AF,1-------,,32.68333,131.78333,true
JP,UEO,Kumejima,Kumejima,47,RL,---4----,,26.366666666666667,126.71666666666667,
JP,KMS,Kumeshima,Kumeshima,47,AF,1-------,,,,
JP,KMH,Kumihama,Kumihama,26,AF,1-------,,35.58584,134.94896,true
JP,KNH,Kunehama,Kunehama,42,AF,1-------,,34.1683018,129.1801576,true
JP,KNG,Kuniga,Kuniga,32,AF,1-------,,,,
JP,KNS,Kunisaki,Kunisaki,44,AF,1-------,,33.5632982,131.7322544,true
JP,KCI,Kunitachi,Kunitachi,13,AF,-----6--,,35.68333333333333,139.43333333333334,
JP,KHS,Kurahashi,Kurahashi,34,AF,1-------,,34.13958,132.52813712546507,true
JP,KRC,Kuramai,Kuramai,23,AF,1-------,,,,
JP,KRN,Kuranotani,Kuranotani,32,AF,1-------,,,,
JP,KUA,Kurashiki,Kurashiki,33,AF,--3-----,,34.53333333333333,133.66666666666666,
JP,KRE,"Kure, Hiroshima","Kure, Hiroshima",34,AF,1-------,,34.3917241,132.4517589,true
JP,KUE,"Kure, Kochi","Kure, Kochi",39,AF,1-------,,33.5680384,133.5394221,true
JP,KRH,Kurihama,Kurihama,14,AF,1-------,,35.22796,139.70212,true
JP,KUI,Kurihara Shi,Kurihara Shi,04,AA,--3-----,,38.8,140.93333333333334,
JP,KRU,Kurii,Kurii,32,AF,1-------,,36.02215,133.04115,true
JP,KHJ,Kurimamaehama,Kurimamaehama,47,AF,1-------,,,,
JP,KRI,Kurio,Kurio,46,AF,1-------,,35.4274405,133.8679062,true
JP,KUB,Kurobe,Kurobe,16,AF,-----6--,,36.86666666666667,137.45,
JP,KRD,Kuroda,Kuroda,32,AF,1-------,,34.3562348,135.2400594,true
JP,KRX,Kuroi,Kuroi,45,AF,1-------,,33.2805007,130.3588298,true
JP,KRM,Kurokami,Kurokami,46,AF,1-------,,31.5812311,130.7062834,true
JP,KUX,Kuronohama,Kuronohama,46,AF,1-------,,32.08333,130.18333,true
JP,KSK,Kurosaki,Kurosaki,40,AF,1-------,,34.6063269,133.7931548,true
JP,KRJ,"Kuroshima, Okinawa","Kuroshima, Okinawa",47,AF,1-------,,26.3343738,127.8056597,true
JP,KEX,Kurume,Kurume,40,RL,--3-----,,33.31666666666667,130.51666666666668,
JP,KRS,Kurushima,Kurushima,38,AF,1-------,,34.118208,132.96964985665085,true
JP,UTU,Kusatsu,Kusatsu,25,RL,--3-----,,35.016666666666666,135.96666666666667,
JP,KKK,Kushiku,Kushiku,44,AF,1-------,,33.6641894,131.6110094,true
JP,KUJ,Kushimoto,Kushimoto,30,AF,---4----,,33.4857631,135.7869892,true
JP,KUH,Kushiro,Kushiro,01,AF,1--4----,,43.04308625,144.19370437389728,true
JP,KSB,Kusubo,Kusubo,42,AF,1-------,,32.496915,130.366658,true
JP,KXK,Kusukawa,Kusukawa,46,AF,1-------,,,,
JP,CUK,Kutchan,Kutchan,01,AF,-----6--,,42.9,140.73333333333332,
JP,KUT,Kute,Kute,32,AF,1-------,,35.2318527,132.5074232,true
JP,KTG,Kutsugata,Kutsugata,01,AF,1-------,,45.193207,141.1473569,true
JP,KNA,Kuwana,Kuwana,24,AF,1-------,,35.0666099,136.6843004,true
JP,KUW,Kuwanoura,Kuwanoura,46,AF,1-------,,31.8630796,129.8365331,true
JP,KYM,Kuyama,Kuyama,42,AF,1-------,,,,
JP,KUZ,Kuzu,Kuzu,37,AF,1-------,,33.5225015,133.3382906,true
JP,KTB,Kyotamba,Kyotamba,26,AF,-----6--,,35.166666666666664,135.41666666666666,
JP,UKY,Kyoto,Kyoto,26,AF,---4----,,35.0115754,135.7681441,true
JP,KYT,Kyoto-Fu,Kyoto-Fu,26,RQ,-----6--,,35.016666666666666,135.75,
JP,MAH,Machida,Machida,13,AF,--3-----,,35.53333333333333,139.46666666666667,
JP,MAE,Maebashi,Maebashi,10,AF,--3-----,,36.3893418,139.0632826,true
JP,MAD,Maedomari/Iheya,Maedomari/Iheya,47,AF,1-------,,27.0425094,127.9733848,true
JP,MDR,Maedomari/Tarama,Maedomari/Tarama,47,AF,1-------,,24.66661,124.69875,true
JP,MHM,Maehama,Maehama,38,AF,1-------,,44.4309146,141.3327598,true
JP,MMA,Maenohama,Maenohama,46,AF,1-------,,,,
JP,MER,Maeura,Maeura,33,AF,1-------,,,,
JP,MMM,Mageshimamisaki,Mageshimamisaki,46,AF,1-------,,,,
JP,MGM,Magome,Magome,42,AF,1-------,,35.5268445,137.5677219,true
JP,MGC,Maguchi,Maguchi,33,AF,1-------,,,,
JP,MGU,Magusa,Magusa,23,AF,1-------,,,,
JP,IAM,Maibara,Maibara,25,AF,-----6--,,35.31666666666667,136.28333333333333,
JP,MAI,Maizuru,Maizuru,26,AF,1-------,,35.4747274,135.3860338,true
JP,MKG,Makigawa,Makigawa,46,AF,1-------,,30.6245088,130.954454,true
JP,MKO,Makinohara,Makinohara,22,AF,-----6--,,34.81666666666667,138.11666666666667,
JP,MAK,Makiyama,Makiyama,40,AF,1-------,,33.8909713,130.8122189,true
JP,MKK,Makurazaki,Makurazaki,46,AF,1-------,,31.2728756,130.2970739,true
JP,MNA,Manazuru,Manazuru,14,AF,1-------,,35.158417,139.137034,true
JP,MAN,"Maniwa, Okayama","Maniwa, Okayama",33,AF,--3-----,,35.083333333333336,133.68333333333334,
JP,MUS,Marcus Island,Marcus Island,,RQ,---4----,,24.28961385,153.97899985266764,true
JP,MAR,Marugame,Marugame,37,AF,1-------,,34.2888128,133.7982421,true
JP,MAB,Maruichibi,Maruichibi,44,AF,1-------,,32.78333,131.86667,true
JP,MWA,Maruiwa,Maruiwa,33,AF,1-------,,32.18473,130.67175,true
JP,MRU,Maruo,Maruo,35,AF,1-------,,33.224752,132.581304,true
JP,MAS,Masaki,Masaki,38,AF,1-------,,33.7881037,132.7120985,true
JP,MSK,Mashike,Mashike,01,AF,1-------,,43.856006,141.5255538,true
JP,MHK,Mashiki,Mashiki,43,AF,--3-----,,32.78333333333333,130.81666666666666,
JP,MHO,Mashiko,Mashiko,09,AF,-----6--,,36.46666666666667,140.1,
JP,MDJ,"Masuda, Kagoshima","Masuda, Kagoshima",46,AF,1-------,,31.596793,130.5571949,true
JP,MSD,"Masuda, Shimane","Masuda, Shimane",32,AF,1-------,,34.6748584,131.8428933,true
JP,MAM,Matama,Matama,44,AF,1-------,,34.912477,133.995389,true
JP,MAG,Mategata,Mategata,38,AF,1-------,,34.114599,132.922625,true
JP,MTY,Matoya,Matoya,24,AF,1-------,,34.372804,136.8655949,true
JP,MTB,Matsubara,Matsubara,27,AF,--3-----,,34.583333333333336,135.55,
JP,MSB,Matsubushi,Matsubushi,11,RL,--3-----,,35.93333333333333,139.81666666666666,
JP,MTD,Matsudo,Matsudo,12,AF,--3-----,,35.78333333333333,139.9,
JP,MTE,Matsue,Matsue,32,AF,1-------,,35.468115,133.048768,true
JP,MGA,Matsugaura,Matsugaura,46,AF,1-------,,33.07541,130.67527,true
JP,MTM,Matsumae,Matsumae,01,AF,1-------,,41.430042,140.1103918,true
JP,MMJ,Matsumoto,Matsumoto,20,AF,---4----,,36.16640565,137.92273419117328,true
JP,MNG,Matsunaga,Matsunaga,34,AF,1-------,,36.1277538,139.6896922,true
JP,MAO,Matsuo,Matsuo,33,AF,1-------,,34.6967819,133.8674569,true
JP,MSA,Matsusaka,Matsusaka,24,AF,1-------,,34.567412,136.540309,true
JP,MRA,"Matsushima, Miyagi","Matsushima, Miyagi",04,AF,1-------,,38.2661529,140.909842,true
JP,MAT,"Matsushima, Nagasaki","Matsushima, Nagasaki",42,AF,1-------,,32.7501611,129.8781002,true
JP,MSS,"Matsushima, Okayama","Matsushima, Okayama",33,AF,1-------,,34.6553944,133.9194595,true
JP,MAU,"Matsuura, Kagoshima","Matsuura, Kagoshima",46,AF,1-------,,31.596793,130.5571949,true
JP,MTS,"Matsuura, Nagasaki","Matsuura, Nagasaki",42,AF,1-------,,32.7501611,129.8781002,true
JP,MTU,"Matsuura, Oita","Matsuura, Oita",44,AF,1-------,,33.34058,129.69504,true
JP,MYJ,Matsuyama,Matsuyama,38,AF,1--4----,,33.8273145,132.70132648377265,true
JP,MTZ,Matsuzaki,Matsuzaki,22,AF,1-------,,35.46667,133.9,true
JP,MWR,Mawari,Mawari,42,AF,1-------,,34.987992,135.772773,true
JP,MBR,Mebaruzaki,Mebaruzaki,34,AF,1-------,,34.28333,132.93333,true
JP,MEG,Megi,Megi,37,AF,1-------,,34.3943259,134.04970574105153,true
JP,MGS,Megoshima,Megoshima,42,AF,1-------,,,,
JP,MGR,Meguro,Meguro,13,AF,-----6--,,35.63333333333333,139.68333333333334,
JP,MEN,Mei,Mei,42,AF,1-------,,34.42843,129.28134,true
JP,MEI,Meihama,Meihama,40,AF,1-------,,,,
JP,MET,Meitsu,Meitsu,45,AF,1-------,,31.53333,131.38333,true
JP,MMB,Memanbetsu,Memanbetsu,01,AF,---4----,,43.88265885,144.16144903777698,true
JP,MSI,MieShikimi,MieShikimi,42,AF,1-------,,,,
JP,IHM,Mihama,Mihama,23,AF,-----6--,,34.78333333333333,136.9,
JP,MHA,Mihama-Ku,Mihama-Ku,12,AA,--3-----,,35.63333333333333,140.06666666666666,
JP,MHR,Mihara,Mihara,34,AF,1-------,,34.3974407,133.0785046,true
JP,MIH,Mihonoseki,Mihonoseki,32,AF,1-------,,35.55,133.23333,true
JP,MHN,Mihowan,Mihowan,31,AF,1-------,,,,
JP,MII,"Miike, Fukuoka","Miike, Fukuoka",40,AF,1-------,,33.5898988,130.4017509,true
JP,MIJ,"Miike, Tokyo","Miike, Tokyo",13,AF,1-------,,33.05207,130.47791,true
JP,MIA,"Miiyoshi, Aichi","Miiyoshi, Aichi",23,AF,--3-----,,35.083333333333336,137.05,
JP,MKM,Mikame,Mikame,38,AF,1-------,,33.38465,132.42353,true
JP,MKW,Mikawa,Mikawa,23,AF,1-------,,38.7945645,139.8494068,true
JP,IKM,Miki,Miki,28,AF,-----6--,,34.8,134.98333333333332,
JP,MKJ,Mikisato,Mikisato,24,AF,1-------,,34,136.20833,true
JP,MNI,Mikuni,Mikuni,18,RQ,--3-----,,36.21666666666667,136.15,
JP,MKR,Mikurajima,Mikurajima,13,AF,1-------,,33.876425499999996,139.60310287301297,true
JP,MMK,"Mimasaka, Okayama","Mimasaka, Okayama",33,AF,--3-----,,35,134.16666666666666,
JP,MMT,Mimitsu,Mimitsu,45,AF,1-------,,32.33333,131.6,true
JP,MHI,Minachi,Minachi,30,RL,--3-----,,33.8,135.71666666666667,
JP,MNK,Minakami-Cho,Minakami-Cho,10,RL,-----6--,,36.666666666666664,138.98333333333332,
JP,MIN,Minamata,Minamata,43,AF,1-------,,32.2123376,130.4087616,true
JP,MNM,Minami,Minami,32,AF,1-------,,35.8832355,139.8984168,true
JP,APS,Minami Alps-Shi,Minami Alps-Shi,19,RL,-----6--,,35.61666666666667,138.43333333333334,
JP,MMD,Minamidaito,Minamidaito,47,AF,1--4----,,25.833333333333332,131.23333333333332,
JP,MMS,Minamisoma,Minamisoma,07,AF,--3-----,,37.63333333333333,140.95,
JP,MYH,Minamiyamashiro,Minamiyamashiro,26,AF,-----6--,,34.766666666666666,136,
JP,MNT,"Minato, Hyogo","Minato, Hyogo",28,AF,1-------,,35.6580089,139.7515137,true
JP,ZAB,"Minato-Ku, Osaka","Minato-Ku, Osaka",27,RL,-----6--,,34.666666666666664,135.46666666666667,
JP,ZAE,"Minato-Ku, Tokyo","Minato-Ku, Tokyo",13,RL,-----6--,,35.63333333333333,139.71666666666667,
JP,MNE,Mine,Mine,42,AF,1-------,,34.1667992,131.2062283,true
JP,MNY,Minmaya,Minmaya,02,AF,1-------,,41.1983544,140.4254865,true
JP,MNJ,Minna/Motobu,Minna/Motobu,47,AF,1-------,,,,
JP,MNN,Minna/Tarama,Minna/Tarama,47,AF,1-------,,24.7534391,124.69692887966885,true
JP,YMI,Minobu,Minobu,19,AF,--3-----,,35.36666666666667,138.43333333333334,
JP,MIO,Minoo,Minoo,27,AF,-----6--,,34.833333333333336,135.46666666666667,
JP,INW,"Minowa, Nagano","Minowa, Nagano",20,AF,-----6--,,35.916666666666664,137.98333333333332,
JP,MSX,"Misaki, Ehime","Misaki, Ehime",38,AF,1-------,,33.388103,132.131227,true
JP,MIK,"Misaki, Kanagawa","Misaki, Kanagawa",14,AF,1-------,,35.477249,139.6290816,true
JP,MKI,"Misaki, Kochi","Misaki, Kochi",39,AF,1-------,,33.5680384,133.5394221,true
JP,MST,Misato,Misato,42,AF,1-------,,35.8289993,139.8726811,true
JP,MSJ,Misawa,Misawa,02,AF,---4----,,40.70795335,141.3624150932239,true
JP,MKX,"Mishima, Kawanoe","Mishima, Kawanoe",38,AF,1-------,,35.126999,138.908048,true
JP,MSM,"Mishima, Shizuoka","Mishima, Shizuoka",22,AF,-23-----,,34.9751974,138.3831697,true
JP,MSR,Mishiro,Mishiro,42,AF,1-------,,33.6985903,130.456838,true
JP,MSO,Misho,Misho,38,AF,1-------,,35.0314009,139.9297002,true
JP,MIS,"Misumi, Kumamoto","Misumi, Kumamoto",43,AF,1-------,,32.8033909,130.7082737,true
JP,MMI,"Misumi, Shimane","Misumi, Shimane",32,AF,1-------,,34.78386,131.96817,true
JP,MXT,Mita,Mita,32,AF,1-------,,35.6467874,139.7414307,true
JP,MTC,Mitachi,Mitachi,37,AF,1-------,,35.6125745,138.9454026,true
JP,MJR,Mitajiri,Mitajiri,35,AF,123-----,,34.03333333333333,131.58333333333334,
JP,MIT,"Mitaka, Hiroshima","Mitaka, Hiroshima",34,AF,1-------,,34.3917241,132.4517589,true
JP,MTA,"Mitaka, Tokyo","Mitaka, Tokyo",13,AF,--3-----,,35.6833926,139.5592421,true
JP,MTI,Mitarai,Mitarai,34,AF,1-------,,34.1778442,132.8673433,true
JP,MI3,Mito,Mito,08,RQ,--3-----,,36.36666666666667,140.46666666666667,
JP,MQT,"Mito, Kagawa","Mito, Kagawa",37,AF,1-------,,36.3659174,140.4731743,true
JP,OYO,"Mitoyo, Kagawa","Mitoyo, Kagawa",37,AF,-----6--,,34.15,133.7,
JP,MKN,Mitsu Kanagawa,Mitsu Kanagawa,33,RL,-----6--,,34.8,133.93333333333334,
JP,MTH,Mitsuhama,Mitsuhama,38,AF,1-------,,33.85,132.71667,true
JP,MSE,Mitsuke,Mitsuke,15,RQ,--3-----,,38.36666666666667,139.98333333333332,
JP,MKS,Mitsukoshima,Mitsukoshima,34,AF,1-------,,,,
JP,MTK,Mitsukue,Mitsukue,38,AF,1-------,,35.3217521,133.5568321,true
JP,MIR,Miura/Mitsushima,Miura/Mitsushima,42,AF,1-------,,35.162985,139.633827,true
JP,MND,Miyada,Miyada,20,AF,-----6--,,35.766666666666666,137.95,
JP,MYG,Miyagahama,Miyagahama,46,AF,1-------,,31.27518,130.61556,true
JP,MYI,Miyagi,Miyagi,10,RL,1-3-----,,36.43333333333333,139.16666666666666,
JP,MYE,Miyakejima Apt/Tokyo,Miyakejima Apt/Tokyo,13,AF,---4----,,,,
JP,IYK,Miyaki,Miyaki,41,AF,-----6--,,33.31666666666667,130.45,
JP,MYK,"Miyako, Iwate","Miyako, Iwate",03,AF,1-------,,33.6991694,130.9207209,true
JP,MMY,Miyakojima,Miyakojima,47,AF,1--4----,,24.783333333333335,125.3,
JP,YAK,Miyakonojo,Miyakonojo,45,RQ,--3-----,,31.733333333333334,131.06666666666666,
JP,QYM,"Miyama, Fukuoka","Miyama, Fukuoka",40,AF,-----6--,,33.15,130.46666666666667,
JP,MUY,"Miyanoura, Kagawa","Miyanoura, Kagawa",37,AF,1-------,,34.4590713,133.9749531,true
JP,MNR,"Miyanoura, Nagasaki","Miyanoura, Nagasaki",42,AF,1-------,,32.7501611,129.8781002,true
JP,MYN,Miyanoura/Azuma,Miyanoura/Azuma,46,AF,1-------,,30.4269,130.57151,true
JP,MNO,Miyanoura/Kamiyaku,Miyanoura/Kamiyaku,46,AF,1-------,,30.4269,130.57151,true
JP,MYU,Miyaura,Miyaura,38,AF,1-------,,34.5856075,133.9930744,true
JP,MZK,"Miyazaki, Ehime","Miyazaki, Ehime",38,AF,1-------,,34.115241,132.904989,true
JP,KMI,"Miyazaki, Miyazaki","Miyazaki, Miyazaki",45,AF,1--4----,,31.876688,131.44801903631105,true
JP,MIY,Miyazu,Miyazu,26,AF,1-------,,35.5357466,135.1956369,true
JP,MYS,Miyoshi,Miyoshi,34,AF,--3-----,,34.8,132.85,
JP,MYT,"Miyoshi, Tokushima","Miyoshi, Tokushima",36,AF,1----6--,,34.016666666666666,133.8,
JP,MZH,Mizuho,Mizuho,13,RL,--3-----,,35.78333333333333,127,
JP,SXR,Mizunami,Mizunami,21,AF,-----6--,,35.36666666666667,137.25,
JP,MZS,Mizusaki,Mizusaki,42,AF,1-------,,33.5570066,131.4220431,true
JP,MIZ,Mizushima,Mizushima,33,AF,1-------,,32.9589,130.44984,true
JP,MOB,Mobara,Mobara,12,RQ,--3-----,,35.416666666666664,140.3,
JP,MCD,Mochidoi,Mochidoi,42,AF,1-------,,,,
JP,MCH,Mochiishi,Mochiishi,32,AF,1-------,,33.4819255,133.4544682,true
JP,MOG,Mogi,Mogi,42,AF,1-------,,34.57028,129.46945,true
JP,MGN,Mogine,Mogine,43,AF,1-------,,,,
JP,MOJ,Moji/Kitakyushu,Moji/Kitakyushu,40,AF,123-5---,,33.9,130.96666666666667,
JP,MBE,Monbetsu/Abashiri,Monbetsu/Abashiri,01,AF,1-------,,42.47939,142.0715,true
JP,MOX,Monoi,Monoi,32,AF,1-------,,35.688182,140.198141,true
JP,MOA,Mooka,Mooka,09,RQ,--3-----,,36.43333333333333,140.01666666666668,
JP,MRK,Morakui,Morakui,32,AF,1-------,,,,
JP,MOR,Mori,Mori,01,AF,1-------,,34.8355508,137.9270893,true
JP,MRG,Moriage,Moriage,38,AF,1-------,,34.119077,132.932931,true
JP,MOO,Morie,Morie,44,AF,1-------,,33.422371,131.646727,true
JP,QGT,Moriguchi,Moriguchi,27,RL,--3-----,,34.733333333333334,135.58333333333334,
JP,MRH,Morinohama,Morinohama,42,AF,1-------,,,,
JP,MRW,Morioka,Morioka,03,AF,--34----,,39.7021331,141.1545397,true
JP,MRY,Moriya,Moriya,08,AF,--3-----,,35.93333333333333,140,
JP,MYM,"Moriyama, Shiga","Moriyama, Shiga",25,AF,--3-----,,35.06666666666667,135.98333333333332,
JP,MOM,Morodomi,Morodomi,41,AF,1-------,,33.2227079,130.3930125,true
JP,MRZ,Morozaki,Morozaki,23,AF,1-------,,34.7029136,136.9709837,true
JP,MBT,Motobu,Motobu,47,AF,1-------,,26.6577813,127.8978468,true
JP,MOT,Motomachi,Motomachi,13,AF,1-------,,43.82634,144.09638,true
JP,MTO,Motoura/Azuma,Motoura/Azuma,46,AF,1-------,,34.35444,133.58,true
JP,MOU,Motoura/Toshima,Motoura/Toshima,46,AF,1-------,,35.733393,139.716746,true
JP,MZR,Motozaru,Motozaru,44,AF,1-------,,,,
JP,MUG,Mugi,Mugi,36,AF,1-------,,33.6798005,134.4300403,true
JP,MUK,Mukaishima,Mukaishima,34,AF,1-------,,34.3828144,133.19766778059295,true
JP,MKA,Mukata,Mukata,44,AF,1-------,,33.6471047,131.668565,true
JP,MKU,Mukunoura,Mukunoura,34,AF,1-------,,34.31667,133.20333,true
JP,MUM,Murakami,Murakami,15,AA,-----6--,,38.233333333333334,139.48333333333332,
JP,MRE,Mure,Mure,37,AF,1-------,,34.338603250000006,134.13859122225443,true
JP,MRO,Murokita,Murokita,37,AF,1-------,,,,
JP,MRM,Muromoto,Muromoto,37,AF,1-------,,,,
JP,MUR,Muroran,Muroran,01,AF,1-------,,42.3152461,140.9740731,true
JP,MRJ,Murotomisaki,Murotomisaki,39,AF,1-------,,,,
JP,MRS,"Murotsu, Hyogo","Murotsu, Hyogo",28,AF,1-------,,34.6802516,135.1657515,true
JP,MUX,"Murotsu, Kochi","Murotsu, Kochi",39,AF,1-------,,33.5680384,133.5394221,true
JP,MRT,"Murotsu, Yamaguchi","Murotsu, Yamaguchi",35,AF,1-------,,34.1781317,131.4737077,true
JP,MZM,Murozumi,Murozumi,35,AF,1-------,,33.56219,130.32831,true
JP,MSH,Musashi,Musashi,44,AF,1-------,,35.764215,139.352119,true
JP,MUH,Musashino,Musashino,13,AF,-----6--,,35.7,139.55,
JP,MYX,"Muta, Nagasaki","Muta, Nagasaki",42,AF,1-------,,31.816666666666666,130.26666666666668,
JP,MUT,Mutsuogawara,Mutsuogawara,02,AF,1-------,,,,
JP,MTR,Mutsure,Mutsure,35,AF,1-------,,,,
JP,MYA,Muya,Muya,36,AF,1-------,,34.17135,134.60769,true
JP,MYO,Myoko,Myoko,15,RQ,--3-----,,37.03333333333333,138.25,
JP,NAR,Naarai,Naarai,12,AF,1-------,,,,
JP,NME,Nabari,Nabari,24,RL,-----6--,,34.63333333333333,136.1,
JP,NAD,Nadahama,Nadahama,28,AF,1-------,,34.765333,134.695821,true
JP,ZAG,"Nada-Ku, Hyogo","Nada-Ku, Hyogo",28,RL,-----6--,,34.7,135.23333333333332,
JP,NDY,Nadayama,Nadayama,32,AF,1-------,,,,
JP,NEX,"Nagae, Ehime","Nagae, Ehime",38,AF,1-------,,34.2705384,133.1529248,true
JP,NGE,"Nagae, Shimane","Nagae, Shimane",32,AF,1-------,,31.05843,130.71924,true
JP,NGH,"Nagahama, Ehime","Nagahama, Ehime",38,AF,1-------,,33.6172729,132.4807191,true
JP,NMA,"Nagahama, Kagoshima","Nagahama, Kagoshima",46,AF,1-------,,31.596793,130.5571949,true
JP,NHM,"Nagahama, Shiga","Nagahama, Shiga",25,AF,1-------,,35.4857724,136.294057,true
JP,NAG,"Nagahama, Shimane","Nagahama, Shimane",32,AF,1-------,,34.872006,132.03949,true
JP,OQK,"Nagakute, Aichi","Nagakute, Aichi",23,AF,-----6--,,35.18333333333333,137.03333333333333,
JP,NGG,Nagame,Nagame,43,AF,1-------,,33.1115864,131.8802305,true
JP,NNG,Nagano,Nagano,20,AF,--3-----,,34.44108,135.58283,true
JP,NKG,Nagaoka,Nagaoka,15,AF,--3-----,,37.45,138.85,
JP,NGY,Nagaokakyo,Nagaokakyo,26,AA,1-------,,34.93333333333333,135.7,
JP,NAB,Nagara,Nagara,46,AF,1-------,,35.4311052,140.2271505,true
JP,NYM,Nagareyama,Nagareyama,11,AF,-----6--,,35.85,139.88333333333333,
JP,NGA,"Nagareyama, Chiba","Nagareyama, Chiba",12,AF,1----6--,,35.85,139.9,
JP,NGS,Nagasaki,Nagasaki,42,AF,1--4----,,32.763367,129.87662,true
JP,NHN,Nagasakinohana,Nagasakinohana,37,AF,1-------,,,,
JP,NSA,Nagashima,Nagashima,24,AF,1-------,,32.183459,130.166311,true
JP,NGU,"Nagasu, Kumamoto","Nagasu, Kumamoto",43,AF,1-------,,32.8033909,130.7082737,true
JP,NSU,"Nagasu, Oita","Nagasu, Oita",44,AF,1-------,,33.571022,131.38108,true
JP,NAA,"Nagaura, Nagasaki","Nagaura, Nagasaki",42,AF,1-------,,32.7501611,129.8781002,true
JP,NGR,Nagaura/Yokosuka,Nagaura/Yokosuka,14,AF,1-------,,33.71306,130.68461,true
JP,MGY,Nagayama,Nagayama,47,AF,1-------,,43.8106731,142.4369105,true
JP,NAY,Nagayo,Nagayo,42,AF,1-------,,32.8242152,129.8860926,true
JP,NGM,Nagimi,Nagimi,38,AF,1-------,,33.2727618,132.4953629,true
JP,NOA,Nago,Nago,47,RL,1-------,,26.583333333333332,127.96666666666667,
JP,AGM,Nagomi Kumamoto,Nagomi Kumamoto,43,AF,-----6--,,32.96666666666667,130.6,
JP,NGD,Nagouda,Nagouda,32,AF,1-------,,36.268731,133.1877923,true
JP,NGO,"Nagoya, Aichi","Nagoya, Aichi",23,AF,1--45---,,35.150343,136.92629,true
JP,NAH,"Naha, Okinawa","Naha, Okinawa",47,AF,1--45---,,26.1966997,127.6489520891715,true
JP,NHI,Nahari,Nahari,39,AF,1-------,,33.4146708,134.0537277,true
JP,NGN,Naigainoura,Naigainoura,39,AF,1-------,,32.9040295,132.718092,true
JP,NRK,Naka,Naka,08,AF,-----6--,,36.45,140.48333333333332,
JP,NKD,Nakada,Nakada,47,AF,1-------,,36.6824103,137.0178184,true
JP,ANG,"Nakagawa, Nagano","Nakagawa, Nagano",20,AF,-----6--,,35.63333333333333,137.95,
JP,NAK,Nakagusuku,Nakagusuku,47,AF,1-------,,26.2620948,127.7897084,true
JP,NHA,"Nakahama, Hiroshima","Nakahama, Hiroshima",34,AF,1-------,,34.3917241,132.4517589,true
JP,NKJ,"Nakahama, Kyoto","Nakahama, Kyoto",26,AF,1-------,,35.0115754,135.7681441,true
JP,NKH,"Nakahama, Tottori","Nakahama, Tottori",31,AF,1-------,,35.4943948,134.2219282,true
JP,NJM,Nakajima,Nakajima,38,AF,1-------,,37.1494377,140.3508748,true
JP,NGK,Nakakoshi,Nakakoshi,01,RL,0-------,,43.8678137,142.9030548,true
JP,NKK,Nakakoshiki,Nakakoshiki,46,AF,1-------,,31.796644999999998,129.8238670889968,true
JP,ZAF,"Naka-Ku, Kanagawa","Naka-Ku, Kanagawa",14,RL,-----6--,,35.416666666666664,139.65,
JP,NKL,"Nakama, Kagoshima","Nakama, Kagoshima",46,AF,1-------,,31.596793,130.5571949,true
JP,NKM,"Nakama, Okinawa","Nakama, Okinawa",47,AF,1-------,,26.3343738,127.8056597,true
JP,NMC,Nakamichi,Nakamichi,19,RL,1-3--6--,,35.583333333333336,138.58333333333334,
JP,NMT,Nakaminato,Nakaminato,08,AF,1-------,,33.5229949,135.8288638,true
JP,NAX,Nakano,Nakano,20,RQ,--3-----,,36.75,138.36666666666667,
JP,NKX,Nakanosaku,Nakanosaku,07,AF,1-------,,36.95,140.93333,true
JP,NAN,Nakanoseki,Nakanoseki,35,RL,1-------,,34,131.53333333333333,
JP,NKS,Nakanoshima,Nakanoshima,46,AF,1-------,,37.2335437,138.9567669,true
JP,SXZ,Nakanoto,Nakanoto,17,AF,1----6--,,36.983333333333334,136.9,
JP,NKN,Nakanoura,Nakanoura,42,AF,1-------,,32.9037853,129.0695822,true
JP,SHB,Nakashibetsu,Nakashibetsu,01,AF,---4----,,43.57678295,144.95882233624639,true
JP,NKZ,Nakashima,Nakashima,36,AF,1-------,,34.6869632,133.9432084,true
JP,NKT,"Nakata, Hiroshima","Nakata, Hiroshima",34,AF,1-------,,34.3917241,132.4517589,true
JP,NTX,"Nakata, Kumamoto","Nakata, Kumamoto",43,AF,1-------,,32.8033909,130.7082737,true
JP,NAT,Nakatsu,Nakatsu,44,AF,1-------,,33.5982794,131.1883225,true
JP,XZW,Nakatsugawa,Nakatsugawa,21,AF,-----6--,,35.483333333333334,137.5,
JP,NKY,Nakayama,Nakayama,32,AF,1-------,,36.7010372,140.1392619,true
JP,NKR,Nakiri,Nakiri,24,AF,1-------,,34.2842671,136.8587601,true
JP,NAM,Nama,Nama,42,AF,1-------,,27.0580366,128.4330511,true
JP,NKW,Namerikawa,Namerikawa,16,AF,--3-----,,36.766666666666666,137.33333333333334,
JP,NIT,Namikata,Namikata,38,AF,1-------,,34.1198,132.95165,true
JP,NNO,Nanao,Nanao,17,AF,1-------,,37.0521078,136.946461,true
JP,NNT,Nanatsugama,Nanatsugama,42,AF,1-------,,,,
JP,NTY,Nanatsuyama,Nanatsuyama,46,AF,1-------,,32.5786963,131.2386954,true
JP,NJO,Nanjo,Nanjo,47,AF,--3-----,,26.15,127.76666666666667,
JP,NKO,Nanko,Nanko,27,AF,1-------,,34.6137083,135.4402913,true
JP,RPJ,Nanto,Nanto,16,RQ,-----6--,,36.583333333333336,136.91666666666666,
JP,NYO,Nanyo,Nanyo,06,RL,0-------,,38.055081,140.1481134,true
JP,NAO,Naoetsu,Naoetsu,15,AF,1-------,,37.18333,138.25,true
JP,NAS,Naoshima,Naoshima,37,AF,1-------,,34.4604255,133.98458202846433,true
JP,QNZ,Nara City,Nara City,29,RQ,--3-----,,34.68333333333333,135.8,
JP,NRO,Narao,Narao,42,AF,1-------,,35.371296,134.5401125,true
JP,NAI,Narashino,Narashino,12,RL,1-------,,35.666666666666664,140.01666666666668,
JP,NRT,Narita Apt/Tokyo,Narita Apt/Tokyo,12,AF,---4----,,35.77587145,140.3933101399336,true
JP,NRI,"Narita, Chiba","Narita, Chiba",12,AF,-23-----,,35.78333333333333,140.31666666666666,
JP,NRS,Narushima,Narushima,42,AF,1-------,,32.8421345,128.94525643623993,true
JP,NRU,Naruto,Naruto,36,AF,1-------,,34.1725784,134.608408,true
JP,NSX,Nasa,Nasa,36,AF,1-------,,36.561627,136.6568822,true
JP,NMS,Nasu Machi,Nasu Machi,09,RQ,--3-----,,37.016666666666666,140.11666666666667,
JP,NKA,Nasukarasuyama,Nasukarasuyama,09,RQ,--3-----,,36.65,140.15,
JP,NSC,Nasushiobara,Nasushiobara,09,AF,-----6--,,36.96666666666667,140.05,
JP,NAZ,Naze,Naze,46,AF,1-------,,28.3838211,129.5270061,true
JP,NGI,Neghishi/Yokohama,Neghishi/Yokohama,14,AF,1-------,,,,
JP,NEJ,Nejime,Nejime,46,AF,1-------,,31.21131,130.77849,true
JP,NEM,Nemuro,Nemuro,01,AF,1-------,,43.3301518,145.5833876,true
JP,NNK,Nenokuchi,Nenokuchi,02,AF,1-------,,40.4791963,140.9402915,true
JP,NEO,Neo,Neo,42,AF,1-------,,35.6246024,136.6577675,true
JP,NYW,Neyagawa,Neyagawa,27,AF,--3-----,,34.7660998,135.6278989,true
JP,NEZ,Nezugaseki,Nezugaseki,06,AF,1-------,,38.55741,139.55329,true
JP,NIC,Nichinan,Nichinan,45,AF,1-------,,31.6019221,131.3788769,true
JP,NXG,Nigishima,Nigishima,24,AF,1-------,,,,
JP,NQU,Nihonmatsu,Nihonmatsu,07,RQ,-----6--,,37.583333333333336,140.41666666666666,
JP,NIX,Nii,Nii,42,AF,1-------,,37.9163757,139.0365062,true
JP,KIJ,Niigata,Niigata,15,AF,1-------,,37.9163757,139.0365062,true
JP,NIH,Niigatahigashi,Niigatahigashi,15,AF,1-------,,,,
JP,NIN,Niigatanishi,Niigatanishi,15,AF,1-------,,,,
JP,IHA,Niihama,Niihama,38,AF,1--4----,,33.9603497,133.2835899,true
JP,NIJ,Niijima,Niijima,13,AF,1-------,,34.381297,139.26544747691383,true
JP,XCA,Niikappu,Niikappu,01,AF,1----6--,,42.36666666666667,142.31666666666666,
JP,NMZ,Niimi,Niimi,33,RL,--3-----,,34.983333333333334,133.46666666666667,
JP,NIK,Nikaho,Nikaho,05,RQ,1----6--,,39.38333333333333,140.08333333333334,
JP,NKI,Niki,Niki,01,AA,--3-----,,43.15,140.76666666666668,
JP,UYT,Nikko,Nikko,09,AF,-----6--,,36.75,139.6,
JP,NIM,Nima,Nima,32,AF,1-------,,35.14746,132.39991,true
JP,NNE,Ninohe,Ninohe,03,AF,-----6--,,40.266666666666666,141.3,
JP,NMY,Ninomiya,Ninomiya,14,AA,--3--6--,,35.3,139.25,
JP,NIO,Nio,Nio,37,AF,1-------,,34.9113042,135.8601994,true
JP,NZW,"Niseko, Hokkaido","Niseko, Hokkaido",01,AF,-----6--,,42.8,140.68333333333334,
JP,NID,Nishi/Kitadaito,Nishi/Kitadaito,47,AF,1-------,,35.736231,139.548956,true
JP,NDI,Nishi/Minamidaito,Nishi/Minamidaito,47,AF,1-------,,35.736231,139.548956,true
JP,NSB,Nishibe,Nishibe,38,AF,1-------,,34.250163,133.1346714,true
JP,NSI,Nishiesan,Nishiesan,01,AF,1-------,,,,
JP,NIG,Nishigo,Nishigo,07,AF,--3-----,,37.13333333333333,140.15,
JP,NHR,Nishihara,Nishihara,47,AF,1-------,,26.222921,127.7589092,true
JP,NST,Nishikata,Nishikata,46,AF,1-------,,35.7149455,139.7546856,true
JP,NSK,Nishiki,Nishiki,27,AF,1-------,,32.186368,130.8473265,true
JP,SGP,"Nishiki, Kumamoto","Nishiki, Kumamoto",43,RQ,-----6--,,32.2,130.83333333333334,
JP,MAW,Nishimaizuru,Nishimaizuru,26,AF,1-------,,,,
JP,NSM,Nishimura,Nishimura,32,AF,1-------,,32.2080807,130.7972467,true
JP,NIS,Nishinaka,Nishinaka,38,AF,1-------,,36.8995827,137.5398425,true
JP,NYA,Nishinomiya,Nishinomiya,28,AF,1-3-----,,34.7377745,135.3413128,true
JP,IIN,Nishinoomote,Nishinoomote,46,AF,1--4----,,30.7325356,130.9970786,true
JP,NHO,Nishio,Nishio,23,AF,--3-----,,34.86666666666667,137.05,
JP,NSH,Nishishioya,Nishishioya,46,AF,1-------,,33.08041,130.13342,true
JP,NTO,Nishitokyo,Nishitokyo,13,RQ,1----6--,,34.733333333333334,139.53333333333333,
JP,NUR,Nishiura,Nishiura,22,AF,1-------,,26.6553272,142.1549462,true
JP,NWI,Nishiwaki,Nishiwaki,28,RL,-23-----,,34.983333333333334,134.96666666666667,
JP,NSS,Nisshin,Nisshin,23,AF,-----6--,,35.11666666666667,137.03333333333333,
JP,NIA,Nita,Nita,42,AF,1-------,,34.7549163,138.2188139,true
JP,NOB,Nobeoka,Nobeoka,45,AF,1-------,,32.5823063,131.6649034,true
JP,NBS,Nobeokashinko,Nobeokashinko,45,AF,1-------,,,,
JP,RBN,Noboribetsu,Noboribetsu,01,AA,1-------,,42.45,141.16666666666666,
JP,NBU,Nobu/Mitsushima,Nobu/Mitsushima,42,AF,1-------,,34.36852,129.34844,true
JP,NOD,Noda,Noda,12,RL,-23-----,,35.95,139.86666666666667,
JP,NOU,Noh,Noh,15,AF,1-------,,,,
JP,NOH,Nohara,Nohara,26,AF,1-------,,35.5705864,135.42957,true
JP,NHJ,Noheji,Noheji,02,AF,1-------,,40.864452,141.1289264,true
JP,NQH,Noho,Noho,47,AF,1-------,,26.99568905,127.91944292338782,true
JP,NJR,Nojiri,Nojiri,46,AF,1-------,,34.175331,135.285595,true
JP,NMK,Nomaike,Nomaike,46,AF,1-------,,31.4125401,130.1346767,true
JP,NMB,Nomi,Nomi,17,AF,-----6--,,36.43333333333333,136.53333333333333,
JP,NMI,Nomi,Nomi,45,AF,1-------,,36.4392262,136.5424414,true
JP,NOM,Nomizaki,Nomizaki,43,AF,1-------,,,,
JP,NON,Nonohama,Nonohama,33,AF,1-------,,38.3941033,141.4669996,true
JP,NCO,"Nonoichi, Ishikawa","Nonoichi, Ishikawa",17,AF,--3-----,,36.5197206,136.6098107,true
JP,NSR,Noshiro,Noshiro,05,AF,1-------,,40.2118417,140.0271517,true
JP,NZO,Nozawaonsen,Nozawaonsen,20,AF,-----6--,,36.916666666666664,138.43333333333334,
JP,NUM,Numazu,Numazu,22,AF,1-------,,35.133339,138.813505,true
JP,NNH,Nunohama,Nunohama,33,AF,1-------,,,,
JP,NWA,Nyugawa,Nyugawa,38,AF,1-------,,38.1866904,138.3231175,true
JP,NYK,Nyukou,Nyukou,32,AF,1-------,,,,
JP,NYZ,Nyuzu,Nyuzu,44,AF,1-------,,32.81667,131.91667,true
JP,OAR,Oarai,Oarai,08,AF,1-------,,36.3133375,140.5747222,true
JP,OBM,"Obama, Fukui","Obama, Fukui",18,AF,1-------,,36.061751,136.2260542,true
JP,OBA,"Obama, Mie","Obama, Mie",24,AF,1-------,,35.4938281,135.7446614,true
JP,OBB,"Obama, Nagasaki","Obama, Nagasaki",42,AF,1-------,,32.7501611,129.8781002,true
JP,OOB,Obatake,Obatake,35,AF,1-------,,35.066221,134.342991,true
JP,OBE,"Obe, Ehime","Obe, Ehime",38,AF,1-------,,34.1043852,132.9296297,true
JP,OBO,Obihiro,Obihiro,01,AF,---4----,,42.7320483,143.21604337899464,true
JP,OBU,Obu,Obu,23,AF,-----6--,,35.016666666666666,136.96666666666667,
JP,ZXY,"Obuse, Nagano","Obuse, Nagano",20,AF,-----6--,,36.7,138.31666666666666,
JP,OOC,Ochiyo,Ochiyo,13,AF,1-------,,,,
JP,ODA,Odahigashi,Odahigashi,32,AF,1-------,,,,
JP,ODT,Odaiba,Odaiba,13,RQ,-----6--,,,,
JP,ODE,Odate,Odate,05,AF,--3-----,,40.266666666666666,140.56666666666666,
JP,ONH,Odate Noshiro,Odate Noshiro,05,RQ,---4----,,40.18333333333333,140.36666666666667,
JP,ODW,Odawara,Odawara,14,RQ,--3-----,,35.25,139.15,
JP,ODS,Odeshima,Odeshima,37,AF,1-------,,34.477226400000006,134.11797185119178,true
JP,ODO,Odoh,Odoh,43,AF,1-------,,,,
JP,ODM,Odomari,Odomari,46,AF,1-------,,41.2159268,140.5269616,true
JP,OFO,Ofunato,Ofunato,03,RQ,--3--6--,,39.06666666666667,141.71666666666667,
JP,OFU,Ofunatu,Ofunatu,03,RQ,--3-----,,39.06666666666667,141.71666666666667,
JP,OAG,Oga,Oga,05,RL,-----6--,,39.88333333333333,139.83333333333334,
JP,OGG,Ogaki,Ogaki,21,AF,--3-----,,35.357696,136.653442,true
JP,OGA,Ogasawara,Ogasawara,13,AF,1-------,,27.0942961,142.1918887,true
JP,OAT,Ogatsu,Ogatsu,04,AF,1-------,,38.51793,141.46586,true
JP,OSG,Ogi,Ogi,41,RL,1----6--,,33.28333333333333,130.2,
JP,OII,"Ogi, Ishikawa","Ogi, Ishikawa",17,AF,1-------,,33.2738076,130.2171043,true
JP,OGK,"Ogi, Kagawa","Ogi, Kagawa",37,AF,1-------,,34.2591396,133.7478552,true
JP,OGI,"Ogi, Niigata","Ogi, Niigata",15,AF,1-------,,33.2738076,130.2171043,true
JP,OGF,Ogifushi,Ogifushi,01,AF,1-------,,,,
JP,OGH,Oginohama,Oginohama,04,AF,1-------,,38.37759,141.44785,true
JP,OGM,Ogomori,Ogomori,46,AF,1-------,,32.98178,131.11809,true
JP,OGO,Ogori,Ogori,40,AF,--3-----,,33.38333333333333,130.55,
JP,GGO,"Ogose, Saitama","Ogose, Saitama",11,AF,-----6--,,35.95,139.28333333333333,
JP,OHI,Oguchi-Cho,Oguchi-Cho,23,AF,--3-----,,35.31666666666667,136.9,
JP,OHM,"Ohama, Ehime","Ohama, Ehime",38,AF,1-------,,33.898157,133.222401,true
JP,OHA,"Ohama, Kagawa","Ohama, Kagawa",37,AF,1-------,,34.2186026,133.6094222,true
JP,KHM,"Ohama, Kagoshima","Ohama, Kagoshima",46,AF,1-------,,31.596793,130.5571949,true
JP,OOH,"Ohama, Okayama","Ohama, Okayama",33,AF,1-------,,34.6553944,133.9194595,true
JP,OMX,"Ohama, Tottori","Ohama, Tottori",31,AF,1-------,,35.4943948,134.2219282,true
JP,OHT,Ohata,Ohata,02,AF,1-------,,35.0566685,136.0149544,true
JP,OBX,"Ohbe, Kagawa","Ohbe, Kagawa",37,AF,1-------,,,,
JP,OBS,Ohbishima,Ohbishima,33,AF,1-------,,,,
JP,OKR,Ohbukura/Uwajima,Ohbukura/Uwajima,38,AF,1-------,,,,
JP,ODN,Ohdana,Ohdana,46,AF,1-------,,,,
JP,OFR,Ohfukaura,Ohfukaura,39,AF,1-------,,,,
JP,OFK,Ohfunakoshi,Ohfunakoshi,42,AF,1-------,,,,
JP,OFT,Ohfunato,Ohfunato,03,AF,1-------,,,,
JP,OOG,Ohgaki,Ohgaki,34,AF,1-------,,,,
JP,OSR,Ohgasari,Ohgasari,46,AF,1-------,,,,
JP,OGE,Ohge,Ohge,38,AF,1-------,,,,
JP,OGS,Ohgishima,Ohgishima,14,AF,1-------,,,,
JP,OGU,Ohgushi,Ohgushi,42,AF,1-------,,,,
JP,OHO,Ohi,Ohi,13,AF,1-------,,33.364155,130.873395,true
JP,OIG,Ohigawa,Ohigawa,22,AF,1-------,,,,
JP,OKH,Ohkawara,Ohkawara,42,AF,1-------,,,,
JP,ONE,Ohnejime,Ohnejime,46,AF,1-------,,,,
JP,ONS,Ohnishi/Ohsaki,Ohnishi/Ohsaki,34,AF,1-------,,,,
JP,OON,Ohnoh,Ohnoh,45,AF,1-------,,,,
JP,ORA,Ohra,Ohra,38,AF,1-------,,,,
JP,OUS,Ohse,Ohse,08,AF,1-------,,,,
JP,OSI,"Ohshima, Ehime","Ohshima, Ehime",38,AF,1-------,,,,
JP,OSS,"Ohshima, Fukuoka","Ohshima, Fukuoka",40,AF,1-------,,33.5898988,130.4017509,true
JP,OOM,"Ohshima, Kagawa","Ohshima, Kagawa",37,AF,1-------,,,,
JP,OSO,"Ohshima, Miyazaki","Ohshima, Miyazaki",45,AF,1-------,,,,
JP,OIM,"Ohshima, Tokyo","Ohshima, Tokyo",13,AF,1--4----,,,,
JP,OSH,"Ohshima, Wakayama","Ohshima, Wakayama",30,AF,1-------,,,,
JP,HGS,Ohshima/Hagi,Ohshima/Hagi,35,AF,1-------,,34.619647,131.599731,true
JP,OYM,Ohyama/Mitsushima,Ohyama/Mitsushima,42,AF,1-------,,34.71867,135.59748,true
JP,OZJ,Ohzuku,Ohzuku,32,AF,1-------,,,,
JP,OIS,Oiso,Oiso,14,AF,1-------,,35.3068949,139.3113254,true
JP,OIT,Oita,Oita,44,AF,1--4----,,33.2393864,131.6096524,true
JP,OJI,Ojika,Ojika,42,AF,1-------,,33.1910309,129.0588966,true
JP,OJS,Ojiya,Ojiya,15,RQ,-----6--,,37.31666666666667,138.8,
JP,OYA,Ojoya,Ojoya,46,AF,1-------,,,,
JP,OAA,Okada,Okada,13,AF,1-------,,35.6435637,140.2645441,true
JP,OKD,Okadama Apt/Sapporo,Okadama Apt/Sapporo,01,AF,---4----,,,,
JP,OKM,Okamoto,Okamoto,32,AF,1-------,,35.6246619,139.6184472,true
JP,OMR,Okamura,Okamura,38,AF,1-------,,34.18595365,132.8819407342931,true
JP,KDP,Okawa,Okawa,40,AF,-----6--,,33.2,130.38333333333333,
JP,OOW,"Okawa, Nagasaki","Okawa, Nagasaki",42,AF,1-------,,32.7501611,129.8781002,true
JP,OKW,"Okawa, Wakayama","Okawa, Wakayama",30,AF,1-------,,33.2061857,130.3835746,true
JP,OKY,Okaya,Okaya,20,RL,--3-----,,36.05,138.05,
JP,OKJ,Okayama,Okayama,33,AF,1--4----,,34.652841,133.910655,true
JP,OKZ,Okazaki,Okazaki,23,RL,-23-----,,34.95,137.16666666666666,
JP,OK2,Okegawa,Okegawa,11,AF,-----6--,,36,139.5,
JP,OKI,Oki,Oki,32,AF,1--4----,,33.2142786,130.4405376,true
JP,OKN,Okinajima,Okinajima,07,AF,1-------,,35.1227775,138.9123958,true
JP,OKA,Okinawa,Okinawa,47,AF,---4----,,26.3485723,127.77442685284232,true
JP,OKE,Okinoerabu,Okinoerabu,46,AF,---4----,,27.3842135,128.58815678055555,true
JP,OKK,Okinokojima,Okinokojima,46,AF,1-------,,32.6540275,131.82280108884726,true
JP,OKC,"Okitsu, Chiba","Okitsu, Chiba",12,AF,1-------,,35.6070629,140.1062653,true
JP,OKT,"Okitsu, Shizuoka","Okitsu, Shizuoka",22,AF,1-------,,34.9751974,138.3831697,true
JP,OIU,"Okiura, Hiroshima","Okiura, Hiroshima",34,AF,1-------,,34.3917241,132.4517589,true
JP,OKX,"Okiura, Yamaguchi","Okiura, Yamaguchi",35,AF,1-------,,34.1781317,131.4737077,true
JP,OKS,Okiuranishi,Okiuranishi,35,AF,1-------,,,,
JP,OKG,Okogi,Okogi,38,AF,1-------,,34.2754053,133.1454949,true
JP,OKU,Oku,Oku,47,AF,1-------,,26.8355786,128.2873964,true
JP,OOJ,"Okubo, Kagoshima","Okubo, Kagoshima",46,AF,1-------,,31.596793,130.5571949,true
JP,OKB,"Okubo, Tokyo","Okubo, Tokyo",13,AF,1-------,,33.62389,130.57411,true
JP,OCH,Okunouchi,Okunouchi,34,AF,1-------,,,,
JP,OIR,Okushiri,Okushiri,01,AF,---4----,,42.0717999,139.43303316771284,true
JP,OAX,Oma,Oma,02,AF,1-------,,41.5226631,140.9048407,true
JP,OMC,Omachi,Omachi,20,RL,1----6--,,36.833333333333336,138.41666666666666,
JP,OMZ,Omaezaki,Omaezaki,22,AF,1-------,,34.6380966,138.128013,true
JP,AOM,Omi,Omi,15,RL,123-----,,37.016666666666666,137.8,
JP,OMI,Omi,Omi,38,AF,1-------,,36.467315,138.0310475,true
JP,OHH,Omihachiman,Omihachiman,25,AF,--3-----,,35.13333333333333,136.06666666666666,
JP,OMT,Ominato,Ominato,02,AF,1-------,,41.2626858,141.1285797,true
JP,OMS,Omishima,Omishima,38,AF,1-------,,34.245427199999995,133.02288103605832,true
JP,OMM,Omitama,Omitama,08,AF,-----6--,,36.233333333333334,140.35,
JP,QOM,Omiya,Omiya,08,RL,--3-----,,36.55,140.41666666666666,
JP,OMY,Omiyaji,Omiyaji,43,AF,1-------,,32.388716,130.167167,true
JP,OMD,Omodaka,Omodaka,42,AF,1-------,,,,
JP,OMN,Omon,Omon,43,AF,1-------,,32.42962,130.20814,true
JP,OMW,Omonawa,Omonawa,46,AF,1-------,,27.6757563,128.9669824,true
JP,OJM,Omosu,Omosu,32,AF,1-------,,35.0168469,138.8845749,true
JP,OMH,Omotehama,Omotehama,04,AF,1-------,,,,
JP,OMO,Omoto,Omoto,03,AF,1-------,,39.8316009,141.9741189,true
JP,OUM,Omu,Omu,01,AF,1-------,,44.5827629,142.9618064,true
JP,OMJ,Omura,Omura,42,AF,1--4----,,32.91685555,129.91653868964397,true
JP,OMU,Omuta,Omuta,40,AF,1-------,,33.047013,130.464155,true
JP,ONG,Onagawa,Onagawa,04,AF,1-------,,38.4456238,141.4431399,true
JP,ONA,Onahama,Onahama,07,AF,1-------,,36.95,140.9,true
JP,OGC,Ongachi,Ongachi,46,AF,1-------,,28.3554058,129.3968546,true
JP,ONJ,Oniike,Oniike,43,AF,1-------,,32.539397,130.16719,true
JP,ONK,Oniki,Oniki,43,AF,1-------,,32.23736,130.01366,true
JP,ONI,Onishi,Onishi,38,AF,1-------,,44.4953574,143.0436981,true
JP,ONW,Oniwaki,Oniwaki,01,AF,1-------,,45.1343745,141.3018607,true
JP,ONB,Onnebetsu,Onnebetsu,01,RL,--3-----,,44.18944,142.23389,true
JP,ONN,Ono,Ono,18,AF,-----6--,,35.983333333333334,136.48333333333332,
JP,ONZ,Ono,Ono,28,AF,--3-----,,34.85,134.93333333333334,
JP,OAD,Onoaida,Onoaida,46,AF,1-------,,30.2412913,130.5561375,true
JP,OND,Onoda,Onoda,35,AF,1-------,,34.0030045,131.1819289,true
JP,NOJ,Onojo,Onojo,40,RL,1----6--,,33.53333333333333,130.48333333333332,
JP,ONO,Onomichi,Onomichi,34,AF,1-------,,34.4088519,133.2051549,true
JP,ONX,OnomichiItozaki,OnomichiItozaki,34,AF,1-------,,,,
JP,ONU,Onuki,Onuki,04,RL,0-------,,37.0808763,140.3846871,true
JP,OPA,Oppama,Oppama,14,RL,123-----,,35.3,139.61666666666667,
JP,ORM,Ora,Ora,10,AA,--3-----,,36.25,139.46666666666667,
JP,ORG,Origami,Origami,42,AF,1-------,,40.50855,140.51371,true
JP,ORN,Orino,Orino,36,AF,1-------,,34.2026365,134.4798338,true
JP,OSA,Osaka,Osaka,27,AF,1--45---,ITM,34.666666666666664,135.5,
JP,OUK,"Osaka, Tottori","Osaka, Tottori",31,AF,1-------,,34.6937569,135.5014539,true
JP,OSQ,Osaka-Fu,Osaka-Fu,27,RQ,-----6--,,34.68333333333333,135.51666666666668,
JP,OKQ,"Osakasayama, Osaka","Osakasayama, Osaka",27,AF,-----6--,,34.5,135.55,
JP,OSX,"Osaki, Kagoshima","Osaki, Kagoshima",46,AF,1-------,,31.596793,130.5571949,true
JP,OSK,"Osaki, Miyagi","Osaki, Miyagi",04,AF,1-------,,38.2661529,140.909842,true
JP,OSN,Osaki/Mitsushima,Osaki/Mitsushima,42,AF,1-------,,31.44314,130.97227,true
JP,OJO,Osako,Osako,34,AF,1-------,,34.6937569,135.5014539,true
JP,OTO,Osato,Osato,46,AF,1-------,,38.4243176,141.0044439,true
JP,OST,Osetoyanagi,Osetoyanagi,42,AF,1-------,,,,
JP,OSD,Oshidomari,Oshidomari,01,AF,1-------,,45.2285927,141.2293903,true
JP,OSM,"�shima, Nagasaki","Oshima, Nagasaki",42,AF,1-------,,33.06666666666667,129.61666666666667,
JP,OSL,"Oshima, Yamaguchi","Oshima, Yamaguchi",35,AF,1-------,,34.1781317,131.4737077,true
JP,OCN,Oshino,Oshino,19,AF,-----6--,,35.45,138.83333333333334,
JP,OCI,Oshu,Oshu,,RQ,-23-----,,39.13333333333333,141.13333333333333,
JP,OSE,Osoe,Osoe,32,AF,1-------,,35.4956344,133.1834951,true
JP,OSU,Osuki,Osuki,46,AF,1-------,,,,
JP,OTG,"Ota, Gunma","Ota, Gunma",10,AF,-23-----,,36.3,139.36666666666667,
JP,OTK,Otake,Otake,34,AF,1-------,,34.2378742,132.2223092,true
JP,ZAD,Ota-Ku,Ota-Ku,13,RL,-----6--,,35.56666666666667,139.71666666666667,
JP,OTA,Otao,Otao,42,AF,1-------,,32.8560092,130.6493534,true
JP,OTR,Otaru,Otaru,01,AF,1--4----,,43.1906806,140.9946021,true
JP,OTW,Otawa,Otawa,42,AF,1-------,,37.0903031,140.4002558,true
JP,ZAQ,Otawara,Otawara,09,AF,-----6--,,36.86666666666667,140.01666666666668,
JP,OTM,Otomi,Otomi,18,AF,1-------,,33.0627575,131.7480831,true
JP,QOO,Otsu City,Otsu City,25,RL,--3-----,,35.016666666666666,135.85,
JP,OSJ,"Otsu, Ibaraki","Otsu, Ibaraki",08,AF,1-------,,35.0177852,135.8548122,true
JP,OTU,"Otsu, Shiga","Otsu, Shiga",25,AF,1-------,,35.0177852,135.8548122,true
JP,OTJ,Otsuchi,Otsuchi,03,AF,1-------,,39.3584659,141.9001305,true
JP,OTS,Otsuki,Otsuki,19,AF,-----6--,,35.6,138.93333333333334,
JP,OUE,Oume,Oume,13,AF,--3-----,,35.78333333333333,139.28333333333333,
JP,OOA,"Oura, Saga","Oura, Saga",41,AF,1-------,,33.41518,129.8643207,true
JP,OUA,Oura/Ariake,Oura/Ariake,43,AF,1-------,,34.40827,130.95962,true
JP,OUR,Oura/Kamitsushima,Oura/Kamitsushima,42,AF,1-------,,33.72819,130.63712,true
JP,OOR,Oura/Kasaoka,Oura/Kasaoka,33,AF,1-------,,34.40827,130.95962,true
JP,ORX,Oura/Marugame,Oura/Marugame,37,AF,1-------,,34.3879603,133.7660208,true
JP,ORR,Oura/Uchinoura,Oura/Uchinoura,46,AF,1-------,,33.72819,130.63712,true
JP,OWR,Owariasahi,Owariasahi,23,AF,-----6--,,35.2,137.03333333333333,
JP,OWA,Owase,Owase,24,AF,1-------,,34.0707815,136.1911394,true
JP,OYB,Oyabu,Oyabu,33,AF,1-------,,35.3977662,134.801702,true
JP,OAM,Oyama,Oyama,09,AF,--3-----,,36.31666666666667,139.8,
JP,OAY,"Oyama, Shizuoka","Oyama, Shizuoka",22,AF,--3-----,,35.35,139,
JP,OZX,Ozaki,Ozaki,27,AF,1-------,,34.7058514,133.8172048,true
JP,OOO,Ozu,Ozu,34,AF,1-------,,32.894173,130.9102983,true
JP,ZZO,"Ozu, Kumamoto","Ozu, Kumamoto",43,AF,-----6--,,32.86666666666667,130.86666666666667,
JP,OZU,Ozuku,Ozuku,32,AF,1-------,,36.0924314,138.8036504,true
JP,RAU,Rausu,Rausu,01,AF,1-------,,44.0218752,145.1897435,true
JP,RBJ,Rebun,Rebun,01,AF,---4----,,45.45610265,141.03755442484882,true
JP,RHK,Reihoku,Reihoku,43,AF,1-------,,32.4862145,130.0692295,true
JP,RIS,Rishiri,Rishiri,01,AF,---4----,,45.187034,141.1396291,true
JP,RIT,Ritto,Ritto,25,RL,-23-----,,35.016666666666666,136,
JP,RKO,Rokko Island,Rokko Island,28,AF,1-------,,34.688263449999994,135.27038250035957,true
JP,RND,Ronden,Ronden,32,AF,1-------,,36.875715,136.88891,true
JP,RMI,Rumoi,Rumoi,01,AF,1-------,,43.941029,141.6368171,true
JP,RYS,Ryohshida,Ryohshida,34,AF,1-------,,,,
JP,RYO,Ryotsu,Ryotsu,15,AF,1-------,,38.08333,138.43333,true
JP,RYG,Ryugamizu,Ryugamizu,46,AF,1-------,,,,
JP,RYU,Ryugasaki,Ryugasaki,08,RQ,--3-----,,35.9,140.18333333333334,
JP,RYA,Ryuo,Ryuo,25,AF,1-------,,35.666666666666664,16.616666666666667,
JP,SAB,Saba,Saba,38,AF,1-------,,34.42958265,131.31953121598622,true
JP,SBE,Sabae Fukui,Sabae Fukui,18,AF,-----6--,,35.95,136.18333333333334,
JP,SDO,Sado,Sado,15,AF,---4----,,38.06113675,138.4095323504113,true
JP,SOS,Sado Shima Apt,Sado Shima Apt,15,RL,--34----,SDS,38.06666666666667,138.41666666666666,
JP,HSG,Saga,Saga,,RL,1-------,,33.083333333333336,133.1,
JP,SGA,"Saga, Kochi","Saga, Kochi",39,AF,1-------,,33.5680384,133.5394221,true
JP,QSG,"Saga, Saga","Saga, Saga",41,AF,1--4----,,33.149287599999994,130.30390935138934,true
JP,GGE,Sagae,Sagae,06,AF,-----6--,,38.36666666666667,140.26666666666668,
JP,SGH,Sagamihara,Sagamihara,14,AF,--3-----,,35.5714621,139.3731052,true
JP,SAG,Saganoseki,Saganoseki,44,AF,1-------,,33.253565,131.884078,true
JP,SGR,Sagara,Sagara,22,AF,1-------,,32.291777,130.838558,true
JP,SAW,Sagawa,Sagawa,38,AF,1-------,,35.3010104,133.4762063,true
JP,SGJ,Sagi,Sagi,34,AF,1-------,,34.7179767,137.69581617803544,true
JP,SJA,"Sai, Aomori","Sai, Aomori",02,AF,1-------,,40.8222833,140.7472027,true
JP,SAC,"Sai, Shimane","Sai, Shimane",32,AF,1-------,,41.43019,140.86429,true
JP,SDZ,Saidaiji,Saidaiji,33,AF,1-------,,34.6621914,134.0411536,true
JP,SAD,Saidoh,Saidoh,46,AF,1-------,,,,
JP,SGU,"Saigo, Nagasaki","Saigo, Nagasaki",42,AF,1-------,,32.7501611,129.8781002,true
JP,SAI,"Saigo, Shimane","Saigo, Shimane",32,AF,1-------,,36.20334,133.3294,true
JP,SAJ,Saijo,Saijo,38,AF,1-------,,33.9194466,133.1813268,true
JP,SSS,Saikai,Saikai,42,AF,1-------,,32.93333333333333,129.65,
JP,SAE,Saiki,Saiki,44,AF,1-------,,32.9601732,131.8996704,true
JP,STM,Saitama,Saitama,11,QQ,--3-----,,35.85,139.63333333333333,
JP,STZ,Saitozaki,Saitozaki,40,AF,1-------,,33.6619932,130.3560614,true
JP,SSK,Saizaki,Saizaki,34,AF,1-------,,34.6924637,134.0657799,true
JP,SDD,Sakado,Sakado,11,RL,--3-----,,35.95,139.4,
JP,SKC,Sakahogi,Sakahogi,21,AF,-----6--,,35.583333333333336,136.98333333333332,
JP,SAK,Sakai,Sakai,27,AF,1-------,,34.5737364,135.4828866,true
JP,SFI,"Sakai, Fukui","Sakai, Fukui",18,AF,--3-----,,36.166666666666664,136.23333333333332,
JP,SII,"Sakai, Ibaragi","Sakai, Ibaragi",08,AF,-----6--,,36.1,139.8,
JP,SKD,Sakaide,Sakaide,37,AF,1-------,,34.3082086,133.8698532,true
JP,SMN,Sakaiminato,Sakaiminato,31,AF,1-------,,35.5391751,133.2318575,true
JP,SBK,Sakaisenboku,Sakaisenboku,27,AF,1-------,,,,
JP,SKK,Sakaki,Sakaki,39,AF,1-------,,36.461702,138.1796367,true
JP,SKT,Sakata,Sakata,06,AF,1-------,,38.9147229,139.8364101,true
JP,SAT,Sakate,Sakate,37,AF,1-------,,34.4569334,134.3230241,true
JP,SKH,Sakihama,Sakihama,39,AF,1-------,,38.84008,141.62362,true
JP,SMU,Sakimui,Sakimui,01,AF,1-------,,43.8242193,145.0815909,true
JP,STO,Sakito,Sakito,42,AF,1-------,,33.0046065,129.54509099197014,true
JP,SAU,Sakitsu,Sakitsu,43,AF,1-------,,32.313414,130.021246,true
JP,SKO,Sakoshi,Sakoshi,28,AF,1-------,,34.7694053,134.4368648,true
JP,SKE,Saku Nagano,Saku Nagano,20,AF,-----6--,,36.21666666666667,138.48333333333332,
JP,SAF,Sakura,Sakura,09,AF,--3-----,,36.71666666666667,140,
JP,SKX,Sakura,Sakura,12,RL,--3-----,,35.71666666666667,140.23333333333332,
JP,S67,Sakuragawa,Sakuragawa,08,AA,0-------,,36.31666666666667,140.08333333333334,
JP,SKR,Sakuraikako,Sakuraikako,38,AF,1-------,,,,
JP,SRZ,Sakurajima,Sakurajima,46,AF,1-------,,34.66631,135.433513,true
JP,SAM,Samani,Samani,01,AF,1-------,,42.1277124,142.9340389,true
JP,SME,Same,Same,02,AF,1-------,,35.2102145,136.3373198,true
JP,SMK,Samukawa,Samukawa,14,RL,0-------,,35.3729223,139.3837849,true
JP,SNX,Sanagi,Sanagi,37,AF,1-------,,34.34274895,133.62488717429906,true
JP,SNM,Sanami,Sanami,32,AF,1-------,,35.438834,135.999765,true
JP,SAN,Sanbonmatsu,Sanbonmatsu,37,AF,1-------,,34.2528729,134.3389016,true
JP,SND,Sanda,Sanda,28,AF,-----6--,,34.88333333333333,135.23333333333332,
JP,SMX,Sanmu,Sanmu,12,AF,--3-----,,35.61666666666667,140.41666666666666,
JP,SXX,Sano,Sano,,RL,--3-----,,36.31666666666667,139.56666666666666,
JP,ANO,Sanu,Sanu,,RQ,--3-----,,36.31666666666667,139.58333333333334,
JP,UIK,Sanuki,Sanuki,37,RQ,-----6--,,34.31666666666667,134.16666666666666,
JP,SYD,Sanyo Onoda Yamaguchi,Sanyo Onoda Yamaguchi,35,AF,123-----,,34.083333333333336,131.18333333333334,
JP,SPK,Sapporo,Sapporo,01,AF,-234----,,43.06666666666667,141.35,
JP,SAS,Sasago,Sasago,32,AF,1-------,,35.4037606,132.6633209,true
JP,SSY,Sasayama,Sasayama,28,AF,-----6--,,35.06666666666667,135.21666666666667,
JP,SSB,Sasebo,Sasebo,42,AF,1-------,,33.1799965,129.7152872,true
JP,SSI,Sashiki,Sashiki,43,AF,1-------,,32.3019064,130.5038774,true
JP,SSE,Sasue,Sasue,46,AF,1-------,,32.16118,130.129229,true
JP,SSN,Sasuna,Sasuna,42,AF,1-------,,34.6323958,129.3956637,true
JP,STA,Sata,Sata,46,AF,1-------,,31.08503,130.71649,true
JP,SAO,Sato,Sato,46,AF,1-------,,34.712885150000005,137.7477940335907,true
JP,STE,Satoura,Satoura,37,AF,1-------,,34.1722931,134.6297157,true
JP,STW,Satsukawawan,Satsukawawan,46,AF,1-------,,,,
JP,SUA,Satsumae,Satsumae,01,RL,--3-----,,41.46666666666667,140.03333333333333,
JP,SDI,Satsumasendai,Satsumasendai,46,AA,--3--6--,,31.816666666666666,130.3,
JP,SEN,Satsumasendai,Satsumasendai,46,AF,1-------,,31.816666666666666,130.25,
JP,ATE,Satte,Satte,11,RQ,--3-----,,36.083333333333336,139.73333333333332,
JP,SWR,Sawara,Sawara,12,AF,--3-----,,35.9,140.5,
JP,SAA,Sayama,Sayama,11,AF,--3-----,,35.8528971,139.4122999,true
JP,SAZ,Saza,Saza,42,AF,1-------,,33.2175801,129.6483486,true
JP,SEQ,Se/Izuhara,Se/Izuhara,42,AF,1-------,,,,
JP,SGW,Segawa,Segawa,42,AF,1-------,,32.965738,130.606583,true
JP,SEB,Seibu,Seibu,13,RQ,1-------,,35.43461,140.20246,true
JP,SEG,Seigaura,Seigaura,46,AF,1-------,,,,
JP,SEI,Seki,Seki,21,RL,1-------,,35.483333333333334,136.91666666666666,
JP,SEK,Sekinehama,Sekinehama,02,AF,1-------,,,,
JP,SKY,Sekiya,Sekiya,37,AF,1-------,,37.915905,139.01465,true
JP,SDJ,"Sendai, Miyagi","Sendai, Miyagi",04,AF,1--4----,,38.13333333333333,140.91666666666666,
JP,SDS,Sendaishinko,Sendaishinko,04,AF,1-------,,,,
JP,SGM,Sendaishiogama,Sendaishiogama,04,AF,1-------,,,,
JP,SEE,Sennan,Sennan,27,AF,-----6--,,34.35,135.26666666666668,
JP,SSU,Sensyu,Sensyu,27,RQ,1-------,,34.43333333333333,135.25,
JP,SZK,Senzaki,Senzaki,35,AF,1-------,,34.4019603,131.1998231,true
JP,SES,Sesoko,Sesoko,47,AF,1-------,,26.641436,127.86405585961354,true
JP,SEA,Setagaya-ku/Tokyo,Setagaya-ku/Tokyo,13,AF,-23-----,,35.65,139.65,
JP,STN,Setana,Setana,01,AF,1-------,,42.4171909,139.8830051,true
JP,SET,Seto,Seto,42,RQ,1-------,,32.93333333333333,129.63333333333333,
JP,SXT,"Seto, Kagawa","Seto, Kagawa",37,AF,1-------,,33.41849,130.04942,true
JP,STT,"Seto, Kagoshima","Seto, Kagoshima",46,AF,1-------,,31.596793,130.5571949,true
JP,STD,Setoda,Setoda,34,AF,1-------,,34.3049846,133.0882147,true
JP,STP,Setouchi,Setouchi,33,AF,-----6--,,34.666666666666664,134.1,
JP,SST,Settsu,Settsu,27,AF,-----6--,,34.766666666666666,135.55,
JP,SEZ,Sezaki,Sezaki,46,AF,1-------,,35.5415552,135.3502276,true
JP,SHR,Shari,Shari,01,AF,1-------,,43.9124057,144.6720651,true
JP,SBU,Shibaura,Shibaura,13,AF,1-------,,35.644255349999995,139.74988016895605,true
JP,SBY,Shibayama,Shibayama,28,AF,1-------,,35.6930984,140.4141402,true
JP,SBH,Shibetsu,Shibetsu,01,RL,1----6--,,43.65,145.11666666666667,
JP,BKW,Shibukawa,Shibukawa,10,RQ,1----6--,,36.483333333333334,139,
JP,SKB,Shibukawa,Shibukawa,33,AF,1-------,,36.4894606,139.0001287,true
JP,SBS,Shibushi,Shibushi,46,AF,1-------,,31.4953083,131.0456478,true
JP,SBI,Shibuya Tokyo,Shibuya Tokyo,13,AF,-----6--,,35.65,139.7,
JP,SCH,Shichirinagahama,Shichirinagahama,02,AF,1-------,,,,
JP,SCR,Shichirui,Shichirui,32,AF,1-------,,35.56987,133.2208,true
JP,SID,Shido,Shido,37,AF,1-------,,34.3168829,134.1715707,true
JP,SIG,Shigei,Shigei,34,AF,1-------,,34.34611,133.14833,true
JP,SGI,Shigetomi,Shigetomi,46,AF,1-------,,31.71667,130.58333,true
JP,SIN,Shiinoki,Shiinoki,46,AF,1-------,,32.1538152,131.4556432,true
JP,SKM,Shikama,Shikama,28,AF,1-------,,38.5488389,140.8498331,true
JP,SIK,Shikamachi,Shikamachi,42,AF,1-------,,33.287082,129.615396,true
JP,STJ,Shikata,Shikata,34,AF,1-------,,34.6518523,133.9164022,true
JP,SAR,Shikaura,Shikaura,46,AF,1-------,,,,
JP,TJZ,Shiki,Shiki,11,AF,-----6--,,35.833333333333336,139.58333333333334,
JP,SKN,Shikinejima,Shikinejima,13,AF,1-------,,34.3264269,139.2137040048569,true
JP,SKZ,Shikokuchuo,Shikokuchuo,38,AF,-----6--,,33.983333333333334,133.55,
JP,SIX,"Shima, Mie","Shima, Mie",24,AF,--3-----,,34.333333333333336,136.83333333333334,
JP,SMB,Shimabara,Shimabara,42,AF,1-------,,32.788084,130.3705411,true
JP,SSZ,Shimada,Shimada,22,AA,1-------,,34.833333333333336,138.18333333333334,
JP,SIM,Shimama,Shimama,46,AF,1-------,,30.4609677,130.8677666,true
JP,SMM,Shimamaki,Shimamaki,01,AF,1-------,,42.7009654,140.0616404,true
JP,SNU,Shimanoura,Shimanoura,45,AF,1-------,,,,
JP,SHZ,Shimazuya,Shimazuya,32,AF,1-------,,,,
JP,SMZ,Shimizu,Shimizu,22,AF,1-------,,35.0990798,138.9027103,true
JP,SMO,"Shimoda, Kochi","Shimoda, Kochi",39,AF,1-------,,33.5680384,133.5394221,true
JP,SIA,"Shimoda, Kumamoto","Shimoda, Kumamoto",43,AF,1-------,,32.8033909,130.7082737,true
JP,SDA,"Shimoda, Nagasaki","Shimoda, Nagasaki",42,AF,1-------,,32.7501611,129.8781002,true
JP,SMD,"Shimoda, Shizuoka","Shimoda, Shizuoka",22,AF,1-------,,34.9751974,138.3831697,true
JP,SMR,Shimodomari/Mikame,Shimodomari/Mikame,38,AF,1-------,,,,
JP,SMH,Shimohisage,Shimohisage,38,AF,1-------,,32.9381023,132.5120314,true
JP,SHI,Shimojishima,Shimojishima,47,AF,---4----,,,,
JP,SWA,Shimokawaguchi,Shimokawaguchi,39,AF,1-------,,32.7882131,132.8413933,true
JP,SOO,Shimonokae,Shimonokae,39,AF,1-------,,32.883493,132.9441674,true
JP,SHS,Shimonoseki,Shimonoseki,35,AF,1---5---,,33.9577116,130.9415455,true
JP,SMT,Shimotsu,Shimotsu,30,AF,1-------,,34.10875,135.14133,true
JP,STI,Shimotsui,Shimotsui,33,AF,1-------,,34.444792,133.784906,true
JP,SSA,Shimotsuura,Shimotsuura,43,AF,1-------,,32.471736,130.310191,true
JP,SHG,"Shinagawa, Tokyo","Shinagawa, Tokyo",13,AF,123-----,,35.6,139.71666666666667,
JP,SHN,Shingu,Shingu,30,AF,1-------,,33.715292,130.4465434,true
JP,SZI,Shinjima,Shinjima,46,AF,1-------,,31.6180182,130.7231499,true
JP,SXO,Shinjuku-ku,Shinjuku-ku,13,RL,-23-----,,35.68333333333333,139.71666666666667,
JP,SKW,"Shinkawa, Aichi","Shinkawa, Aichi",23,AF,1-------,,34.88563,136.98452,true
JP,SNK,"Shinkawa, Kagoshima","Shinkawa, Kagoshima",46,AF,1-------,,31.596793,130.5571949,true
JP,SHK,Shinkiba,Shinkiba,13,AF,1-------,,35.6365788,139.8297746562961,true
JP,SHJ,Shinko,Shinko,20,RL,1-3-----,,36.56666666666667,138.06666666666666,
JP,SMJ,Shinmoji,Shinmoji,40,RQ,1-------,,33.86666666666667,130.98333333333332,
JP,SNJ,Shinojima,Shinojima,23,AF,1-------,,34.6762608,137.0041761,true
JP,SNW,Shinokawa,Shinokawa,46,AF,1-------,,28.2253252,129.2953491,true
JP,IRO,Shinshiro,Shinshiro,23,RL,-----6--,,34.9,137.5,
JP,SNZ,Shinzaike,Shinzaike,37,AF,1-------,,34.2416103,135.2013458,true
JP,SHX,Shiogama,Shiogama,,RL,--3-----,,38.31666666666667,141.03333333333333,
JP,SGT,Shiogatani,Shiogatani,44,AF,1-------,,,,
JP,SOH,Shiohama,Shiohama,32,AF,1-------,,35.6634824,139.8077876,true
JP,GSI,"Shiojiri, Nagano","Shiojiri, Nagano",20,AF,-----6--,,36.1,137.96666666666667,
JP,SIO,"Shioya, Ishikawa","Shioya, Ishikawa",17,AF,1-------,,31.25301,130.37524,true
JP,SYA,"Shioya, Okinawa","Shioya, Okinawa",47,AF,1-------,,26.3343738,127.8056597,true
JP,SYG,Shioyagamoto,Shioyagamoto,46,AF,1-------,,,,
JP,SRX,"Shirahama, Chiba","Shirahama, Chiba",12,AF,1-------,,35.6070629,140.1062653,true
JP,SRH,"Shirahama, Kagawa","Shirahama, Kagawa",37,AF,1-------,,34.78333,134.71667,true
JP,SHH,"Shirahama, Kagoshima","Shirahama, Kagoshima",46,AF,1-------,,31.596793,130.5571949,true
JP,SIR,"Shirahama, Nagasaki","Shirahama, Nagasaki",42,AF,1-------,,32.7501611,129.8781002,true
JP,SIH,"Shirahama, Okinawa","Shirahama, Okinawa",47,AF,1-------,,26.3343738,127.8056597,true
JP,SHM,"Shirahama, Wakayama","Shirahama, Wakayama",30,AF,---4----,,34.2342931,135.1783549,true
JP,SRT,Shirakata,Shirakata,38,AF,1-------,,34.2642828,133.741327,true
JP,SRW,Shirakawa,Shirakawa,07,RQ,-----6--,,37.11666666666667,140.2,
JP,SRA,Shiraki,Shiraki,35,AF,1-------,,34.488607,135.6319713,true
JP,SKU,Shiraku,Shiraku,33,AF,1-------,,36.7227964,140.1380527,true
JP,SRN,Shiranuka,Shiranuka,01,AA,--3--6--,,42.95,144.08333333333334,
JP,SRO,Shiraoi,Shiraoi,01,AF,1-------,,42.5514527,141.3558669,true
JP,SOA,Shiraoka,Shiraoka,11,AF,-----6--,,36.016666666666666,139.66666666666666,
JP,SYZ,Shiriyazaki,Shiriyazaki,02,AF,1-------,,,,
JP,SRJ,Shiro,Shiro,32,AF,1-------,,36.3038513,133.2218885,true
JP,SJR,Shiroko,Shiroko,24,AF,1-------,,37.24788,140.262736,true
JP,SRK,Shirosaki,Shirosaki,03,AF,1-------,,34.23333,134.85,true
JP,SRS,Shirose,Shirose,46,AF,1-------,,38.1415099,138.4460163,true
JP,STR,Shirotori,Shirotori,37,AF,1-------,,35.8820302,136.8591662,true
JP,SSJ,Shisakajima,Shisakajima,38,AF,1-------,,34.1073985,133.1850243,true
JP,SSH,Shishiboe,Shishiboe,42,AF,1-------,,,,
JP,SJI,"Shishijima, Kagawa","Shishijima, Kagawa",37,AF,1-------,,34.27094515,133.67685879642858,true
JP,SJM,"Shishijima, Kagoshima","Shishijima, Kagoshima",46,AF,1-------,,31.596793,130.5571949,true
JP,SIS,Shishikui,Shishikui,36,AF,1-------,,33.6,134.23333,true
JP,SSM,Shishimi,Shishimi,42,AF,1-------,,34.515751,129.3191027,true
JP,SHW,Shisui Chiba,Shisui Chiba,12,AF,-----6--,,35.71666666666667,140.26666666666668,
JP,STB,Shitaba,Shitaba,38,AF,1-------,,33.185312,132.450232,true
JP,SNO,Shitanoe,Shitanoe,44,AF,1-------,,33.1573367,131.8192102,true
JP,SIT,Shitanoura,Shitanoura,42,AF,1-------,,34.41242,129.28012,true
JP,IHS,Shitara,Shitara,23,AF,--3-----,,35.1,137.56666666666666,
JP,SDK,Shitooke,Shitooke,46,AF,1-------,,28.3573979,130.0224638,true
JP,SZG,Shizugawa,Shizugawa,04,AF,1-------,,38.7004154,141.487062,true
JP,SHO,Shizuoka,Shizuoka,22,RL,--3-----,,34.96666666666667,138.38333333333333,
JP,FSZ,Shizuoka Apt,Shizuoka Apt,22,RL,---4----,,34.78333333333333,138.18333333333334,
JP,SZU,Shizuura,Shizuura,22,AF,1-------,,41.4883526,140.0196788,true
JP,SHD,Shodoshima,Shodoshima,37,AA,--3-----,,34.5,134.25,
JP,SOI,Shonai,Shonai,06,RQ,---4----,,38.81666666666667,139.78333333333333,
JP,SNN,Shonan,Shonan,14,AF,1-------,,35.3071468,139.4850343,true
JP,SYO,Shoura,Shoura,46,AF,1-------,,32.247460000000004,130.1717634968944,true
JP,SNR,Shukunoura,Shukunoura,42,AF,1-------,,32.8962906,129.048779,true
JP,SHA,Shunan,Shunan,35,RQ,--3-----,,34.05,131.8,
JP,SHU,Shushi,Shushi,42,AF,1-------,,34.6118067,129.4273138,true
JP,SDU,Sodegaura,Sodegaura,12,AF,1-------,,35.4296688,139.9544661,true
JP,SOG,Sogo,Sogo,33,AF,1-------,,36.7710049,136.8507729,true
JP,JSO,"Soja, Okayama","Soja, Okayama",33,AF,-----6--,,34.666666666666664,133.75,
JP,SOK,Soka,Soka,11,AF,-----6--,,35.81666666666667,139.66666666666666,
JP,SOM,Soma,Soma,07,RQ,--3-----,,37.78333333333333,140.91666666666666,
JP,SNI,Sonai/Taketomi,Sonai/Taketomi,47,AF,1-------,,24.3894966,123.7467987,true
JP,SNA,Sonai/Yonaguni,Sonai/Yonaguni,47,AF,1-------,,24.469841,123.0035318,true
JP,SNE,Sone,Sone,42,AF,1-------,,34.5685806,133.8479083,true
JP,SGX,Sonogi,Sonogi,42,AF,1-------,,32.8360046,129.8583246,true
JP,SOR,Sonoura,Sonoura,42,AF,1-------,,,,
JP,SYM,Sonoyama,Sonoyama,46,AF,1-------,,34.978306,135.887291,true
JP,OOS,Soo,Soo,46,AF,-----6--,,31.633333333333333,130.98333333333332,
JP,SOT,Sotodomari/Nishiumi,Sotodomari/Nishiumi,38,AF,1-------,,32.91667,132.48333,true
JP,SMA,Souma,Souma,07,AF,1-------,,,,
JP,SOY,Soya,Soya,01,AF,1-------,,45.052288,141.901722,true
JP,SOZ,Sozu,Sozu,32,AF,1-------,,34.919541,137.819505,true
JP,SUB,Sue,Sue,40,AF,-----6--,,33.583333333333336,130.5,
JP,SUG,Suga,Suga,32,AF,1-------,,41.8913902,140.367675,true
JP,SUU,Sugawa,Sugawa,42,AF,1-------,,34.5573189,131.8705336,true
JP,SGE,Suge,Suge,38,AF,1-------,,35.6330777,139.5349134,true
JP,SUR,Sugeura,Sugeura,32,AF,1-------,,35.5639256,133.1742922,true
JP,SGN,"Suginami, Tokyo","Suginami, Tokyo",13,AF,-----6--,,35.68333333333333,139.61666666666667,
JP,SUI,Suita,Suita,27,AF,--3-----,,34.766666666666666,135.51666666666668,
JP,SKG,Sukagawa,Sukagawa,07,RQ,--3-----,,37.28333333333333,140.38333333333333,
JP,SUK,Sukumowan,Sukumowan,39,AF,1-------,,32.916666666666664,132.71666666666667,
JP,SMW,Sumida Tokyo,Sumida Tokyo,13,AF,-----6--,,35.7,139.8,
JP,SMI,Sumie,Sumie,45,AF,1-------,,33.569678,131.358999,true
JP,SUM,Suminoe,Suminoe,41,AF,1-------,,34.614132,135.466545,true
JP,SMY,Sumiyoshi,Sumiyoshi,46,AF,1-------,,35.6890802,139.814512,true
JP,SUH,"Sumoto, Hyogo","Sumoto, Hyogo",28,AF,1-------,,34.6802516,135.1657515,true
JP,SUT,"Sumoto, Kumamoto","Sumoto, Kumamoto",43,AF,1-------,,32.8033909,130.7082737,true
JP,SXM,Sunami,Sunami,34,AF,1-------,,36.5627096,137.2942609,true
JP,SUE,Sunoe,Sunoe,34,AF,1-------,,34.28833,133.14167,true
JP,SUS,Susa,Susa,35,AF,1-------,,34.6205342,131.618109,true
JP,SUZ,Susaki,Susaki,39,AF,1-------,,33.400826,133.2829594,true
JP,SUN,Susono,Susono,22,RQ,--3-----,,35.38333333333333,118.38333333333334,
JP,STU,Suttsu,Suttsu,01,AF,1-------,,42.791029,140.2289507,true
JP,SUW,Suwa,Suwa,32,AF,1-------,,36.0391748,138.11398,true
JP,SWW,"Suwa, Nagano","Suwa, Nagano",20,AF,--3-----,,36.03333333333333,138.13333333333333,
JP,ZGO,Suzaka,Suzaka,20,RQ,-----6--,,36.65,138.31666666666666,
JP,S7S,Suzu,Suzu,17,AA,-23--6--,,37.43333333333333,137.25,
JP,KUK,Suzuka,Suzuka,24,RL,--3-----,,34.86666666666667,136.56666666666666,
JP,TBR,Tabira,Tabira,42,AF,1-------,,33.366361,131.274383,true
JP,TBU,Tabu,Tabu,35,AF,1-------,,33.433778,132.180209,true
JP,TAB,Tabugawa,Tabugawa,46,AF,1-------,,30.4,130.61667,true
JP,TIR,"Tachiarai, Fukuoka","Tachiarai, Fukuoka",40,AF,-----6--,,33.4,130.61666666666667,
JP,TBN,Tachibana,Tachibana,36,AF,1-------,,35.7106072,139.8322279,true
JP,TCI,Tachikawa,Tachikawa,13,AF,-----6--,,35.68333333333333,139.41666666666666,
JP,TAC,Tachiyama,Tachiyama,46,AF,1-------,,30.61582,131.04682,true
JP,TDN,Tadanoumi,Tadanoumi,34,AF,1-------,,34.33333,132.98333,true
JP,TAD,Tadotsu,Tadotsu,37,AF,1-------,,34.2716875,133.7601435,true
JP,TGA,Taga,Taga,25,AF,-----6--,,35.21666666666667,136.28333333333333,
JP,TGW,Tagawa,Tagawa,40,AF,--3-----,,33.63333333333333,130.8,
JP,TAG,Tagi,Tagi,32,AF,1-------,,35.8761357,139.3799524,true
JP,TAO,Tago,Tago,22,AF,1-------,,34.802931,138.7687614,true
JP,TGO,Tagonoura,Tagonoura,22,AF,1-------,,35.1522,138.73215,true
JP,TGM,Taguma,Taguma,40,RL,0-------,,33.545224,130.3366243,true
JP,TAR,Tahara,Tahara,34,AF,1-------,,34.6690304,137.2637129,true
JP,TAZ,Tai,Tai,26,AF,1-------,,35.58381,135.24184,true
JP,NII,Tainai,Tainai,15,AF,--3-----,,38.06666666666667,139.41666666666666,
JP,TKW,Tainokawa,Tainokawa,46,AF,1-------,,,,
JP,TAL,Tainouchi,Tainouchi,34,AF,1-------,,,,
JP,TIN,Tainoura,Tainoura,42,AF,1-------,,32.95167,129.10139,true
JP,TAQ,Taira,Taira,42,AF,1-------,,35.600301849999994,139.5735739079568,true
JP,TDT,Tairadate,Tairadate,02,AF,1-------,,41.1645371,140.6366515,true
JP,TIA,Taisha,Taisha,32,AF,1-------,,35.119812,138.920766,true
JP,TZA,Taiza,Taiza,26,AF,1-------,,35.7347373,135.0912647,true
JP,TJH,Tajima Apt / Toyooka,Tajima Apt / Toyooka,28,RL,---4----,,35.016666666666666,134.78333333333333,
JP,TAJ,Tajiri,Tajiri,46,AF,1-------,,34.3942575,135.2910742,true
JP,TJR,"Tajiri, Tottori","Tajiri, Tottori",31,AF,1-------,,35.4943948,134.2219282,true
JP,TKD,Takada,Takada,44,AF,1-------,,35.7157717,139.712324,true
JP,TAH,"Takahama, Ehime","Takahama, Ehime",38,AF,1-------,,35.49214,135.51533,true
JP,TKH,Takahama/Amakusa,Takahama/Amakusa,43,AF,1-3-----,,32.36666666666667,130,
JP,KHT,"Takahata, Yamagata","Takahata, Yamagata",06,AF,-----6--,,38,140.18333333333334,
JP,THI,Takaishi,Takaishi,27,RQ,--3-----,,34.516666666666666,135.45,
JP,TAK,Takamatsu,Takamatsu,37,AF,1--4----,,34.34344745,134.0489372894205,true
JP,TMJ,Takami,Takami,37,AF,1-------,,34.3155333,133.6773387,true
JP,TAA,Takamijima,Takamijima,37,AF,1-------,,,,
JP,TMP,Takamori,Takamori,20,AF,--3-----,,35.55,137.88333333333333,
JP,TNB,Takanabe,Takanabe,45,AF,1-------,,32.1294685,131.4933645,true
JP,TTZ,Takanezawa,Takanezawa,09,AA,--3-----,,36.61666666666667,139.98333333333332,
JP,TKC,Takanokuchi,Takanokuchi,46,AF,1-------,,,,
JP,TKK,Takaoka,Takaoka,16,AF,1-------,,36.7362147,137.0187306,true
JP,TJI,Takarajima,Takarajima,46,AF,1-------,,29.142972999999998,129.20783948920862,true
JP,TZK,Takarazuka,Takarazuka,28,RQ,--3-----,,34.8,135.35,
JP,TSG,Takasago,Takasago,28,AF,1-------,,34.7739854,134.7880412,true
JP,TSA,Takasaki,Takasaki,10,RL,--3-----,,36.31666666666667,138.88333333333333,
JP,TKL,Takashima,Takashima,25,AF,--3--6--,,35.35,136.33333333333334,
JP,TJK,Takashima/Masuda,Takashima/Masuda,32,AF,1-------,,34.835675,131.836001,true
JP,TSM,Takashima/Nishisonogi,Takashima/Nishisonogi,42,AF,1-------,,35.393439,136.035804,true
JP,TXK,"Takasu, Fukui","Takasu, Fukui",18,AF,1-------,,36.061751,136.2260542,true
JP,TKG,"Takasu, Kagoshima","Takasu, Kagoshima",46,AF,1-------,,31.596793,130.5571949,true
JP,JAT,Takatsuki,Takatsuki,27,AF,-----6--,,34.85,135.61666666666667,
JP,TEE,Take,Take,46,AF,1-------,,31.5817988,130.5377491,true
JP,TDJ,Takedatsu,Takedatsu,44,AF,1-------,,,,
JP,THR,Takehara,Takehara,34,AF,1-------,,34.3418377,132.9070476,true
JP,TEA,Takena,Takena,32,AF,1-------,,28.1607787,129.2655015,true
JP,TKE,Takeno,Takeno,28,AF,1-------,,32.33802,130.8362,true
JP,TAS,Takeshiki,Takeshiki,42,AF,1-------,,34.2980152,129.2980742,true
JP,TSX,Takeshima,Takeshima,46,AF,1-------,,30.809986000000002,130.42900564761695,true
JP,TTH,Taketomihigashi,Taketomihigashi,47,AF,1-------,,,,
JP,TKT,Taketoyo,Taketoyo,23,AF,1-------,,34.8510184,136.9149138,true
JP,TKZ,Takezaki,Takezaki,42,AF,1-------,,35.1847484,133.159803,true
JP,TKI,Taki,Taki,17,AF,1-------,,34.4785428,136.5113483,true
JP,TIW,"Takikawa, Hokkaido","Takikawa, Hokkaido",01,AF,-----6--,,43.55,141.9,
JP,TKM,Takuma,Takuma,37,AF,1-------,,33.056307,130.469865,true
JP,TKU,Takuno,Takuno,32,AF,1-------,,35.1680204,132.4112119,true
JP,TAM,Tamano,Tamano,33,AF,1-------,,34.491942,133.9460028,true
JP,TMN,Tamanoura,Tamanoura,42,AF,1-------,,32.6320656,128.6106992,true
JP,ZAJ,Tamashima,Tamashima,33,RL,-----6--,,34.53333333333333,133.66666666666666,
JP,TMS,"Tamatsu, Ehime","Tamatsu, Ehime",38,AF,1-------,,33.925796,133.201258,true
JP,TMT,"Tamatsu, Okayama","Tamatsu, Okayama",33,AF,1-------,,34.6553944,133.9194595,true
JP,TAI,Tamatsukuri,Tamatsukuri,08,AF,--3-----,,34.6772516,135.5284955,true
JP,HVM,Tamba,Tamba,28,RL,-----6--,,35.18333333333333,135.03333333333333,
JP,AUR,Tamura,Tamura,07,RQ,-----6--,,37.43333333333333,140.56666666666666,
JP,TAE,Tanabe,Tanabe,30,AF,1-------,,34.81667,135.76667,true
JP,TAN,Tanagawa,Tanagawa,27,AF,1-------,,34.31367,135.09647,true
JP,TNZ,"Tanagura, Fukushima","Tanagura, Fukushima",07,AF,--3--6--,,37.016666666666666,140.36666666666667,
JP,TNK,Tanasoko,Tanasoko,43,AF,1-------,,32.414427,130.333898,true
JP,TNE,Tanegashima,Tanegashima,46,AF,---4----,,,,
JP,TNY,Taniyama,Taniyama,46,RL,1-------,,31.283333333333335,130.31666666666666,
JP,TAW,Tannowa,Tannowa,27,AF,1-------,,34.3335481,135.1740191,true
JP,THM,Tanohama,Tanohama,03,AF,1-------,,34.5699594,129.2923772,true
JP,TUR,"Tanoura, Ehime","Tanoura, Ehime",38,AF,1-------,,34.3842638,133.3918118,true
JP,TNR,"Tanoura, Kumamoto","Tanoura, Kumamoto",43,AF,1-------,,32.8033909,130.7082737,true
JP,TNU,Tanoura/Kitakyushu,Tanoura/Kitakyushu,40,AF,1-------,,33.9590921,131.0037731,true
JP,TNW,Tanowaki,Tanowaki,46,AF,1-------,,30.69444,131.06764,true
JP,TRA,Taramajima,Taramajima,47,AF,---4----,,24.653999050000003,124.67635410839722,true
JP,TRH,Tarugahama,Tarugahama,42,AF,1-------,,34.27551,129.31703,true
JP,TMZ,Tarumizu,Tarumizu,46,AF,1-------,,31.4926939,130.7012264,true
JP,TSS,Tasumi,Tasumi,32,AF,1-------,,35.3677983,133.3800912,true
JP,TAY,Tatebayashi,Tatebayashi,10,RL,-----6--,,36.233333333333334,139.48333333333332,
JP,TTB,Tatebayashi,Tatebayashi,10,RL,--3-----,,36.25,139.53333333333333,
JP,TET,"Tateishi, Ehime","Tateishi, Ehime",38,AF,1-------,,38.98333,141.11667,true
JP,TTS,"Tateishi, Kagawa","Tateishi, Kagawa",37,AF,1-------,,34.3755438,133.724907,true
JP,TTY,Tateyama,Tateyama,12,AF,1-------,,34.9965304,139.8699838,true
JP,TTC,Tateyama,Tateyama,16,AA,--3--6--,,36.65,137.3,
JP,TAT,Tatsugo,Tatsugo,46,AF,1-------,,28.4132973,129.5893008,true
JP,TTN,Tatsuno,Tatsuno,28,AF,--3-----,,34.86666666666667,134.55,
JP,TAU,Taura,Taura,35,RL,0-------,,42.596669,141.9108795,true
JP,TYU,Tayui,Tayui,42,AF,1-------,,,,
JP,TEI,Tei,Tei,39,AF,1-------,,36.326564,138.41693,true
JP,TIS,Teishi,Teishi,22,AF,1-------,,34.6334833,138.8841162,true
JP,TEK,Tekutsuku,Tekutsuku,46,AF,1-------,,,,
JP,TEN,Tendo,Tendo,06,RL,--3-----,,38.35,140.36666666666667,
JP,TRI,Tenri,Tenri,29,AF,--3-----,,34.583333333333336,135.83333333333334,
JP,TRD,Teradomari,Teradomari,15,AF,1-------,,37.68559,138.7871,true
JP,TZU,Terazu/Matsue,Terazu/Matsue,32,AF,1-------,,35.5023426,133.174161,true
JP,TRZ,Terazu/Yatsuka,Terazu/Yatsuka,32,AF,1-------,,35.47573,133.00005,true
JP,TSI,Teshima,Teshima,37,AF,1-------,,34.479641,134.07034172855228,true
JP,TSO,Teshio,Teshio,01,AF,1-------,,44.8883845,141.7453842,true
JP,TEU,Teuchi,Teuchi,46,AF,1-------,,31.6379092,129.7022107,true
JP,TER,Teuri,Teuri,01,AF,1-------,,44.427605,141.32030696130977,true
JP,TOB,Toba,Toba,24,AF,1-------,,34.4812985,136.8434721,true
JP,TBT,Tobata/Kitakyushu,Tobata/Kitakyushu,40,RL,1-------,,33.88333333333333,130.83333333333334,
JP,TBM,Tobishima-Mura,Tobishima-Mura,23,AF,--3-----,,35.083333333333336,136.78333333333333,
JP,TBO,Tobo,Tobo,41,AF,1-3-----,,33.483333333333334,129.93333333333334,
JP,TGI,"Tochigi, Tochigi","Tochigi, Tochigi",09,AF,--3-----,,36.36666666666667,139.75,
JP,TTD,Toda,Toda,11,AF,-----6--,,35.81666666666667,139.68333333333334,
JP,TOD,Todohokke,Todohokke,01,AF,1-------,,41.82444,141.14167,true
JP,TOJ,Toga,Toga,05,AF,1-------,,34.4858702,135.4991908,true
JP,TOC,Togane,Togane,12,AF,1----6--,,35.56666666666667,140.36666666666667,
JP,TOG,Togi,Togi,17,AF,1-------,,37.13333,136.73333,true
JP,TGC,Toguchi,Toguchi,46,AF,1-------,,26.3672831,127.7407193,true
JP,TDA,Tohda,Tohda,32,AF,1-------,,,,
JP,TOI,Toi,Toi,22,AF,1-------,,33.58627,130.67119,true
JP,TNC,"Toin, Mie","Toin, Mie",24,AF,-----6--,,35.06666666666667,136.58333333333334,
JP,TJM,Tojima,Tojima,38,AF,1-------,,37.786308,138.856754,true
JP,TOK,Tokachi,Tokachi,01,AF,1-------,,42.8914755,143.3507332,true
JP,TKA,Tokai,Tokai,23,AF,1-------,,36.4726607,140.5662106,true
JP,TKB,Tokamachi,Tokamachi,15,AF,--3--6--,,37.13333333333333,138.76666666666668,
JP,TJS,Tokashiki,Tokashiki,47,AF,1-------,,26.1973527,127.3643273,true
JP,GHU,Toki Gifu,Toki Gifu,21,AF,-----6--,,35.35,137.18333333333334,
JP,HKG,Tokigawa,Tokigawa,11,RL,-----6--,,36.016666666666666,139.3,
JP,TTU,Tokitsu,Tokitsu,42,AF,1-------,,35.35,137.18333,true
JP,TOW,Tokokawa,Tokokawa,23,RQ,-----6--,,34.81666666666667,137.4,
JP,TXN,Tokoname,Tokoname,23,AF,1-------,,34.895858,136.838323,true
JP,TKO,Tokonami,Tokonami,42,AF,1-------,,33.95594,131.31288,true
JP,TKR,Tokoro,Tokoro,01,AF,1-------,,44.0381256,143.8082747,true
JP,TWZ,Tokorozawa,Tokorozawa,11,AF,-----6--,,35.78333333333333,139.46666666666667,
JP,TCC,Tokuchi,Tokuchi,47,AF,1-------,,,,
JP,TKJ,Tokujin,Tokujin,47,AF,1-------,,,,
JP,TKN,Tokunoshima,Tokunoshima,46,AF,---4----,,27.7265813,129.0185432,true
JP,TKS,Tokushima,Tokushima,36,AF,1--4----,,34.077696,134.551019,true
JP,TKY,Tokuyama,Tokuyama,35,AF,1-------,,34.05,131.81667,true
JP,TXD,Tokuyamakudamatsu,Tokuyamakudamatsu,35,RQ,1-------,,34,131.76666666666668,
JP,TYO,Tokyo,Tokyo,13,AF,12345---,,35.68333333333333,139.75,
JP,TKX,Tokyo-To,Tokyo-To,13,RQ,-----6--,,35.68333333333333,139.68333333333334,
JP,TMK,Tomakomai,Tomakomai,01,AF,1--4----,,42.79305685,141.664278240846,true
JP,TJJ,Tomamae,Tomamae,01,AF,1-------,,44.3060923,141.6527851,true
JP,TMR,"Tomari, Okinawa","Tomari, Okinawa",47,AF,1-------,,26.3343738,127.8056597,true
JP,TMA,Tomari/Shiribeshi,Tomari/Shiribeshi,01,AF,1-------,,43.0631282,140.4990026,true
JP,TRR,Tomariura,Tomariura,39,AF,1-------,,32.846091,132.6749879,true
JP,TSE,Tome-Shi,Tome-Shi,04,RQ,-----6--,,38.65,141.28333333333333,
JP,TME,Tomie,Tomie,42,AF,1-------,,35.3367298,133.4784527,true
JP,TMG,"Tomigusuku, Okinawa","Tomigusuku, Okinawa",47,AF,-----6--,,26.183333333333334,127.66666666666667,
JP,TMM,Tomiku,Tomiku,44,AF,1-------,,33.6069352,131.6832358,true
JP,TMO,"Tomioka, Kumamoto","Tomioka, Kumamoto",43,AF,1-------,,32.8033909,130.7082737,true
JP,TOM,"Tomioka, Tokushima","Tomioka, Tokushima",36,AF,1-------,,34.0698307,134.5550353,true
JP,TZT,Tomisato,Tomisato,12,RQ,--3--6--,,35.71666666666667,140.33333333333334,
JP,TMU,Tomitsu,Tomitsu,43,AF,1-------,,32.762817,130.199684,true
JP,TMY,Tomiya,Tomiya,04,AF,-----6--,,38.38333333333333,140.88333333333333,
JP,TNM,Tonami,Tonami,16,RQ,-----6--,,36.63333333333333,136.95,
JP,TND,Tonda,Tonda,35,AF,1-------,,33.6416784,135.4000246,true
JP,TDY,Tondabayashi,Tondabayashi,27,AF,-----6--,,34.5,135.6,
JP,WTN,Tono,Tono,03,AA,-----6--,,39.31666666666667,141.53333333333333,
JP,TNO,Tonosho,Tonosho,37,AF,1-------,,34.4862397,134.1859682,true
JP,TNH,Tonoshohigash,Tonoshohigash,37,AF,1-------,,,,
JP,TON,Tonoura,Tonoura,45,AF,1-------,,31.02938,130.69868,true
JP,TOO,"Toon, Ehime","Toon, Ehime",38,AF,-----6--,,33.78333333333333,132.86666666666667,
JP,TOR,Toride,Toride,08,AF,--3-----,,35.9,140.06666666666666,
JP,TRO,Tororo,Tororo,43,AF,1-------,,32.455391,130.058159,true
JP,TSL,"Tosa, Kochi","Tosa, Kochi",39,AF,-----6--,,33.5,133.43333333333334,
JP,TSZ,Tosashimizu,Tosashimizu,39,AF,1-------,,32.7816213,132.9548557,true
JP,TJO,"Toshima, Hyogo","Toshima, Hyogo",28,AF,1-------,,34.6802516,135.1657515,true
JP,TOX,Toshima/Tokyo,Toshima/Tokyo,13,AF,1-3-----,,34.516666666666666,139.26666666666668,
JP,QTS,Tosu,Tosu,41,RQ,-23-5---,,33.36666666666667,130.51666666666668,
JP,TOT,Totoro,Totoro,45,AF,1-------,,32.5,131.68333,true
JP,TTJ,Tottori,Tottori,31,AF,1--4----,,35.5287531,134.16846688099204,true
JP,TOU,Touyo,Touyo,38,AF,1-------,,43.8317542,142.0206632,true
JP,TWD,Towada,Towada,02,AF,--3-----,,40.6,141.2,
JP,TOY,Toyama,Toyama,16,AF,1--4----,,36.649042050000006,137.18721380281647,true
JP,TOS,Toyamashinko,Toyamashinko,16,AF,1-------,,,,
JP,TOA,Toyo,Toyo,38,AF,1----6--,,33.916666666666664,133.08333333333334,
JP,YKE,Toyoake,Toyoake,23,AF,--3-----,,35.53333333333333,137.95,
JP,TYJ,"Toyohama, Aichi","Toyohama, Aichi",23,AF,1-------,,34.06667,133.63333,true
JP,TYH,"Toyohama, Kagawa","Toyohama, Kagawa",37,AF,1-------,,34.06667,133.63333,true
JP,THS,Toyohashi,Toyohashi,23,AF,1-------,,34.750637,137.423671,true
JP,THA,Toyohira-ku,Toyohira-ku,01,AF,--3-----,,43.016666666666666,141.4,
JP,TYW,Toyokawa,Toyokawa,23,AF,--3-----,,34.81666666666667,137.4,
JP,TYK,Toyonaka,Toyonaka,27,RQ,-----6--,,34.61666666666667,135.46666666666667,
JP,TYS,Toyosatu,Toyosatu,25,RQ,--3-----,,35.2,118.38333333333334,
JP,TUS,Toyoshige,Toyoshige,31,AF,1-------,,35.5175323,133.5328095,true
JP,TYA,Toyota,Toyota,23,RL,123-----,,35.083333333333336,137.16666666666666,
JP,TYR,Toyoura,Toyoura,33,AF,1-------,,42.5834863,140.7116417,true
JP,TYC,"Toyoyama, Aichi","Toyoyama, Aichi",23,AF,-----6--,,35.25,136.91666666666666,
JP,TSU,Tsu,Tsu,24,AF,1-------,,34.7341973,136.5153283,true
JP,TUB,Tsubame,Tsubame,15,RL,1-------,,37.65,138.93333333333334,
JP,AAE,"Tsubata, Ishikawa","Tsubata, Ishikawa",17,AF,-----6--,,36.666666666666664,136.73333333333332,
JP,TCH,Tsuchiura,Tsuchiura,08,AF,1-------,,36.0786297,140.2045934,true
JP,TUD,Tsuda,Tsuda,37,AF,1-------,,34.7981526,135.7139906,true
JP,TUI,Tsui,Tsui,28,AF,1-------,,34.3175398,134.6897373,true
JP,TYN,Tsuiyama,Tsuiyama,28,AF,1-------,,35.6517132,134.8331351,true
JP,TWA,Tsukinokawa,Tsukinokawa,42,AF,1-------,,,,
JP,TSB,Tsukuba,Tsukuba,08,AF,--3-----,,36.03333333333333,140.08333333333334,
JP,TMI,Tsukumi,Tsukumi,44,AF,1-------,,33.0722942,131.861347,true
JP,TUU,Tsukumo,Tsukumo,34,AF,1-------,,34.2462177,132.4439067,true
JP,GSG,"Tsumagoi, Gunma","Tsumagoi, Gunma",10,AF,-----6--,,36.516666666666666,138.51666666666668,
JP,TNA,Tsuna,Tsuna,28,AF,1-------,,,,
JP,TNI,Tsuneishi,Tsuneishi,34,AF,1-------,,34.389211,133.30212,true
JP,TSN,Tsuno,Tsuno,45,AF,-----6--,,32.25,131.56666666666666,
JP,TNS,Tsunoshima,Tsunoshima,35,AF,1-------,,34.35434,130.85634,true
JP,TRG,Tsuruga,Tsuruga,18,AF,1-------,,35.6445135,136.0734634,true
JP,TRM,Tsurumi,Tsurumi,14,RQ,--3-----,,35.5,139.66666666666666,
JP,TRU,"Tsurumi, Okayama","Tsurumi, Okayama",33,AF,1-------,,34.6553944,133.9194595,true
JP,ZAA,Tsurumi-Ku,Tsurumi-Ku,14,RL,-----6--,,35.5,139.66666666666666,
JP,TSR,Tsuruoka,Tsuruoka,06,RQ,--3-----,,38.71666666666667,139.81666666666666,
JP,TSK,Tsurusaki,Tsurusaki,44,AF,1-------,,33.2351443,131.6941998,true
JP,TRC,Tsuruuchi,Tsuruuchi,37,AF,1-------,,34.3348263,134.0147746177281,true
JP,TSH,Tsushi,Tsushi,28,AF,1-------,,34.4143368,134.7845185,true
JP,TSJ,Tsushima,Tsushima,42,AF,---4----,,35.1667843,136.7582134,true
JP,DFG,"Tsushima, Aichi","Tsushima, Aichi",23,AF,-----6--,,35.166666666666664,136.71666666666667,
JP,TST,Tsutsu,Tsutsu,42,AF,1-------,,34.9185905,133.6097992,true
JP,TTM,Tsutsumi,Tsutsumi,32,AF,1-------,,33.54758,130.38026,true
JP,TSY,"Tsuyama, Okayama","Tsuyama, Okayama",33,AF,-----6--,,35.5,134,
JP,TYP,Tsuyoshi,Tsuyoshi,42,AF,1-------,,,,
JP,TUZ,Tsuzu Yamaguchi,Tsuzu Yamaguchi,35,AF,1-------,,34.05,132.2,
JP,TTK,Tsuzuki Ku,Tsuzuki Ku,,RL,1----6--,,35.53333333333333,139.56666666666666,
JP,UBJ,Ube,Ube,35,AF,1--4----,,33.9296279,131.27535428881697,true
JP,UBY,Ubuyu,Ubuyu,32,AF,1-------,,33.91139,135.08425,true
JP,UHH,Uchihana,Uchihana,47,AF,1-------,,26.9482206,127.9409516,true
JP,UCN,Uchinomi,Uchinomi,37,AF,1-------,,34.5,134.3,true
JP,UUR,Uchinoura,Uchinoura,46,AF,1-------,,31.26667,131.08333,true
JP,UNU,Uchinourahetsuka,Uchinourahetsuka,46,AF,1-------,,,,
JP,UCH,Uchiumi,Uchiumi,45,AF,1-------,,31.7508661,131.4616491,true
JP,UCU,"Uchiura, Fukui","Uchiura, Fukui",18,AF,1-------,,36.061751,136.2260542,true
JP,UCR,"Uchiura, Ishikawa","Uchiura, Ishikawa",17,AF,1-------,,37.2220382,136.9256212,true
JP,UDD,Udo,Udo,46,AF,1-------,,35.0607744,135.1942778,true
JP,UDO,Udono,Udono,24,AF,1-------,,33.7370188,136.0060215,true
JP,UEC,Uechi,Uechi,47,AF,1-------,,26.4047472,127.737683,true
JP,UDE,Ueda,Ueda,20,AF,--3-----,,36.4,138.26666666666668,
JP,UEN,Uenohara,Uenohara,19,AA,--3-----,,35.61666666666667,139.1,
JP,UGA,Uga,Uga,32,AF,1-------,,34.6951233,133.0421755,true
JP,UGU,Ugusu,Ugusu,22,AF,1-------,,34.8462247,138.7829881,true
JP,UJJ,Uji,Uji,26,AF,--3-----,,34.88333333333333,135.8,
JP,UJI,Ujina,Ujina,34,AF,1-------,,,,
JP,UJT,Ujitawara,Ujitawara,26,AA,-----6--,,34.85,135.85,
JP,UJY,Ujiyamada,Ujiyamada,24,AF,1-------,,,,
JP,UKJ,Ukejima,Ukejima,46,AF,1-------,,28.0300675,129.23273648312642,true
JP,UKN,Uken,Uken,46,AF,1-------,,28.2807878,129.2970895,true
JP,UKT,Ukitsu,Ukitsu,46,AF,1-------,,33.2937677,134.1465104,true
JP,UKI,Ukui,Ukui,30,AF,1-------,,33.65707,135.96967,true
JP,UMG,Umagoe,Umagoe,37,AF,1-------,,34.5173698,134.2091591,true
JP,UUN,Unnan,Unnan,32,RL,1----6--,,35.28333333333333,132.9,
JP,UNO,Uno,Uno,33,AF,1-------,,35.5075254,133.8883067,true
JP,UNS,Unoshima,Unoshima,40,AF,1-------,,33.62115,131.12657,true
JP,UNT,Unten,Unten,47,AF,1-------,,26.6874485,127.9992628,true
JP,UOM,Uomi,Uomi,46,AF,1-------,,35.8539266,136.2861192,true
JP,UON,Uonuma,Uonuma,15,AF,--3--6--,,37.21666666666667,138.95,
JP,UOU,"Uozu, Shimane","Uozu, Shimane",32,AF,1-------,,36.8,137.4,true
JP,UOZ,"Uozu, Toyama","Uozu, Toyama",16,AF,1-------,,36.6957569,137.2136215,true
JP,URA,Ura,Ura,28,AF,1-------,,33.37532,129.86861,true
JP,URG,Uraga,Uraga,14,AF,1-------,,35.24981,139.71017,true
JP,URM,Uragami,Uragami,30,AF,1-------,,33.5609799,135.8967624,true
JP,UAO,Urago,Urago,32,AF,1-------,,36.0607478,132.9688489,true
JP,URH,Urahara,Urahara,46,AF,1-------,,28.2881133,129.9628329,true
JP,UHO,Urahoro,Urahoro,01,AF,--3-----,,42.8,143.65,
JP,URK,Urakawa,Urakawa,01,AF,1-------,,42.1684998,142.7680974,true
JP,UNM,Uranomae,Uranomae,46,AF,1-------,,,,
JP,URR,Urashiro,Urashiro,44,AF,1-------,,,,
JP,ZAK,Urasoe,Urasoe,47,RL,-----6--,,26.25,127.71666666666667,
JP,URS,Urasoko,Urasoko,46,AF,1-------,,35.7372174,136.0258078,true
JP,UYA,Urayasu,Urayasu,12,RQ,--3--6--,,35.65,139.9,
JP,UFZ,"Urazoe, Okinawa","Urazoe, Okinawa",47,AF,-----6--,,26.25,127.7,
JP,UHI,Ureshino Saga,Ureshino Saga,41,AF,-----6--,,33.11666666666667,130.05,
JP,UMA,Uruma,Uruma,47,RQ,-----6--,,26.366666666666667,127.85,
JP,USB,Usa,Usa,44,RL,-----6--,,33.516666666666666,131.33333333333334,
JP,USA,Usa/Tosa,Usa/Tosa,39,AF,1-------,,33.524944,131.374522,true
JP,UBK,Ushibuka,Ushibuka,43,AF,1-------,,32.19056,130.02278,true
JP,USG,Ushigakubijima,Ushigakubijima,37,AF,1-------,,34.5086984,133.9728104,true
JP,USH,Ushimado,Ushimado,33,AF,1-------,,34.61667,134.16667,true
JP,USI,Ushine,Ushine,46,AF,1-------,,34.222869,139.1277128923445,true
JP,UST,Ushitsu,Ushitsu,17,AF,1-------,,37.3033619,137.1599366,true
JP,USJ,Usujiri,Usujiri,01,AF,1-------,,41.9355814,140.9445923,true
JP,UKA,Usuka,Usuka,42,AF,1-------,,33.37404,129.54242,true
JP,USK,Usuki,Usuki,44,AF,1-------,,33.1261032,131.8048454,true
JP,USN,Usuno,Usuno,44,AF,1-------,,33.6299152,131.4858277,true
JP,USU,Usunoura,Usunoura,42,AF,1-------,,33.215218,129.612994,true
JP,UTZ,Utazu,Utazu,37,AF,1-------,,34.3107957,133.8252787,true
JP,UTM,"Utsumi, Aichi","Utsumi, Aichi",23,AF,1-------,,34.73948,136.87064,true
JP,UTS,"Utsumi, Hiroshima","Utsumi, Hiroshima",34,AF,1-------,,34.3917241,132.4517589,true
JP,UTO,Utsunomiya,Utsunomiya,09,AF,--3-----,,36.55,139.88333333333333,
JP,UWA,Uwajima,Uwajima,38,AF,1-------,,33.2232315,132.5606514,true
JP,UZK,Uzuki,Uzuki,32,AF,1-------,,36.2787126,133.3612883,true
JP,WDA,Wada,Wada,18,AF,1-------,,35.6935241,139.6576038,true
JP,WAD,Wadomari,Wadomari,46,AF,1-------,,27.392124,128.6554414,true
JP,WAI,Waita,Waita,35,AF,1-------,,34.8073059,135.7779916,true
JP,WJM,Wajima,Wajima,17,AF,1-------,,37.3909384,136.8995701,true
JP,WTU,"Wakamatsu, Nagasaki","Wakamatsu, Nagasaki",42,AF,1-------,,32.7501611,129.8781002,true
JP,WAM,Wakamatsu/Kitakyushu,Wakamatsu/Kitakyushu,40,AF,123-----,,33.88333333333333,130.81666666666666,
JP,WKS,Wakasa Fukui,Wakasa Fukui,18,AF,-----6--,,35.45,135.85,
JP,WKT,Wakatsu,Wakatsu,40,AF,1-------,,33.21243,130.37096,true
JP,WAK,Wakayama,Wakayama,30,AF,1-------,,34.229711,135.185378,true
JP,WKE,Wake,Wake,33,AF,-----6--,,34.85,134.08333333333334,
JP,WKI,Wakimisaki,Wakimisaki,42,AF,1-------,,32.56667,129.78333,true
JP,WMT,Wakimoto,Wakimoto,38,AF,1-------,,41.094455,140.32307,true
JP,WKW,Wakinosawa,Wakinosawa,02,AF,1-------,,41.1352598,140.7976913,true
JP,WKZ,Wakizaki,Wakizaki,46,AF,1-------,,32.1672966,130.1905086,true
JP,WKJ,Wakkanai,Wakkanai,01,AF,1--4----,,45.404159199999995,141.80098808275497,true
JP,WOT,Wako,Wako,11,AF,-----6--,,35.78333333333333,139.6,
JP,WKR,Wakura,Wakura,17,AF,1-------,,,,
JP,WAN,Wan,Wan,46,AF,1-------,,28.3172077,129.9383712,true
JP,WNI,Waniura,Waniura,42,AF,1-------,,34.6933208,129.4477629,true
JP,WNA,Wano,Wano,46,AF,1-------,,37.723251,138.88576,true
JP,OUI,"Wanouchi, Gifu","Wanouchi, Gifu",21,AF,-----6--,,35.28333333333333,136.63333333333333,
JP,WIR,Warabi,Warabi,11,AF,-----6--,,35.81666666666667,139.7,
JP,WSB,Washibeyanoura,Washibeyanoura,34,AF,1-------,,,,
JP,WAH,Washimiya,Washimiya,11,RL,-----6--,,36.1,139.66666666666666,
JP,WAT,Watanoha,Watanoha,04,AF,1-------,,40.20427,141.14063,true
JP,HGG,Yabu,Yabu,28,AF,--3-----,,35.38333333333333,134.81666666666666,
JP,YBC,Yabuki-Machi,Yabuki-Machi,,RL,--3-----,,37.2,140.31666666666666,
JP,YCH,Yachiyo,Yachiyo,12,RL,123-----,,35.733333333333334,140.1,
JP,YNE,Yaene,Yaene,13,AF,1-------,,,,
JP,YAE,Yaeyama Island,Yaeyama Island,47,RL,--3-----,,24.316666666666666,123.78333333333333,
JP,YAG,"Yagi, Hyogo","Yagi, Hyogo",28,AF,1-------,,34.6802516,135.1657515,true
JP,YGI,"Yagi, Iwate","Yagi, Iwate",03,AF,1-------,,40.34946,141.76108,true
JP,YGR,Yagishiri,Yagishiri,01,AF,1-------,,44.43700925,141.40694828074794,true
JP,YHK,Yahiko,Yahiko,15,AA,-----6--,,37.7,138.83333333333334,
JP,YZU,Yaizu,Yaizu,22,AF,1-------,,34.8672304,138.322843,true
JP,KUM,Yakushima,Yakushima,46,AF,---4----,,30.38751365,130.6567876840263,true
JP,YKU,Yakuzu,Yakuzu,46,AF,1-------,,,,
JP,YQD,Yamada,Yamada,28,AF,1-------,,39.4676541,141.9490556,true
JP,YAD,"Yamada, Iwate","Yamada, Iwate",03,AF,1-------,,39.48423,141.90742,true
JP,YMD,"Yamada, Okayama","Yamada, Okayama",33,AF,1-------,,34.6553944,133.9194595,true
JP,GAJ,Yamagata,Yamagata,06,AF,---4----,,38.2553393,140.3400205,true
JP,YUF,Yamagata,Yamagata,21,AF,-----6--,,35.5,136.78333333333333,
JP,YAM,Yamagawa,Yamagawa,46,AF,1-------,,31.172706,130.579335,true
JP,YMG,Yamaguchi,Yamaguchi,35,AF,1-------,,34.1781317,131.4737077,true
JP,YGH,Yamaguchihigashi,Yamaguchihigashi,35,AF,1-------,,,,
JP,YNS,Yamanashi,Yamanashi,19,RL,-23-----,,35.68333333333333,138.66666666666666,
JP,YMN,Yamanoura,Yamanoura,43,AF,1-------,,32.22673,130.07212,true
JP,YTH,Yamashitacho,Yamashitacho,14,RL,-----6--,,35.43333333333333,139.65,
JP,YMT,Yamatani,Yamatani,32,AF,1-------,,,,
JP,YIH,Yamato,Yamato,14,AF,--3-----,,35.483333333333334,139.45,
JP,WYA,Yamatokoriyama,Yamatokoriyama,29,AF,-----6--,,34.65,135.78333333333333,
JP,YEA,"Yame, Fukuoka","Yame, Fukuoka",40,AF,-----6--,,33.18333333333333,130.55,
JP,YAA,Yanagi,Yanagi,43,AF,1-------,,32.809237,131.158225,true
JP,YAN,Yanai,Yanai,35,AF,1-------,,33.9640825,132.101193,true
JP,YNI,Yani,Yani,46,AF,1-------,,28.4975571,129.6561813,true
JP,YNN,Yanma,Yanma,46,AF,1-------,,28.2405626,129.4180012,true
JP,YAO,Yao,Yao,27,RL,--34----,,34.61666666666667,135.6,
JP,YHO,Yashio,Yashio,11,RL,-23-----,,35.81666666666667,139.83333333333334,
JP,YAU,Yasu,Yasu,25,RL,-23-----,,35.06666666666667,136.03333333333333,
JP,YSG,Yasugi,Yasugi,32,AF,1-------,,35.431337,133.250942,true
JP,YAS,Yasumiya,Yasumiya,02,AF,1-------,,40.4284986,140.8946115,true
JP,YMA,Yasurahama,Yasurahama,46,AF,1-------,,,,
JP,YTM,"Yatomi, Aichi","Yatomi, Aichi",23,AF,--3-----,,35.1,136.71666666666667,
JP,YAT,Yatsushiro,Yatsushiro,43,AF,1-------,,32.5081425,130.6020211,true
JP,YWA,Yawata,Yawata,12,AF,--3-----,,35.53333333333333,140.11666666666667,
JP,YWT,Yawata/Kitakyushu,Yawata/Kitakyushu,40,RL,123-----,,33.85,130.8,
JP,YWH,Yawatahama,Yawatahama,38,AF,1-------,,33.4627983,132.4235208,true
JP,YBK,Yobuko,Yobuko,41,AF,1-------,,33.5411443,129.8969793,true
JP,YDG,Yodogawa-Ku,Yodogawa-Ku,27,RL,--3-----,,34.71666666666667,135.48333333333332,
JP,YIC,Yoichi,Yoichi,01,AF,1-------,,43.1954132,140.7835618,true
JP,YOC,Yoichigaura,Yoichigaura,43,AF,1-------,,,,
JP,YKK,Yokkaichi,Yokkaichi,24,AF,1-------,,34.9648428,136.624845,true
JP,YOK,Yokohama,Yokohama,14,AF,12345---,,35.45,139.65,
JP,ZAL,"Yokohama, Aomori","Yokohama, Aomori",02,RL,-----6--,,41.083333333333336,141.25,
JP,YKS,Yokoshima/Kurahashi,Yokoshima/Kurahashi,34,AF,1-------,,32.87337,130.55549,true
JP,YOS,Yokosuka,Yokosuka,14,AF,123-----,,35.28333333333333,139.66666666666666,
JP,OKO,Yokota Apt/Tokyo,Yokota Apt/Tokyo,13,AF,---4----,,35.74628955,139.34993494159335,true
JP,YKT,"Yokota, Hiroshima","Yokota, Hiroshima",34,AF,1-------,,34.3917241,132.4517589,true
JP,YOO,Yokote,Yokote,,RL,--3-----,,39.35,140.51666666666668,
JP,YGJ,Yonago,Yonago,31,AF,---4----,,35.4933476,133.2428347112177,true
JP,OGN,Yonagunijima,Yonagunijima,47,AF,---4----,,24.46724435,122.97919262010315,true
JP,YOG,Yonegura,Yonegura,33,AF,1-------,,34.6287138,133.8934249,true
JP,YON,Yonezawa,Yonezawa,06,AF,-23-----,,37.916666666666664,140.11666666666667,
JP,YNZ,Yonouzu,Yonouzu,44,AF,1-------,,32.9197093,131.9971282,true
JP,YRR,Yorii,Yorii,11,AF,-----6--,,36.11666666666667,139.2,
JP,YRO,Yoro,Yoro,21,RL,1----6--,,35.3,136.55,
JP,YOR,Yoro,Yoro,46,AF,1-------,,35.3055238,136.5616373,true
JP,RNJ,Yoronjima,Yoronjima,46,AF,---4----,,27.043898499999997,128.40119266927817,true
JP,YSS,Yoshiase,Yoshiase,34,AF,1-------,,,,
JP,YDA,"Yoshida, Aichi","Yoshida, Aichi",23,AF,1-------,,37.68333,138.88333,true
JP,YSD,"Yoshida, Ehime","Yoshida, Ehime",38,AF,1-------,,33.90389,133.082141,true
JP,YOA,Yoshikawa,Yoshikawa,11,AF,--3-----,,35.88333333333333,139.83333333333334,
JP,YSM,Yoshima,Yoshima,37,AF,1-------,,34.389153949999994,133.8188627367952,true
JP,YOZ,"Yoshino, Nara","Yoshino, Nara",29,AF,-----6--,,34.4,135.85,
JP,YOW,Yoshinogawa Tokushima,Yoshinogawa Tokushima,36,AF,-----6--,,34.016666666666666,134.25,
JP,YSN,Yoshinozaki,Yoshinozaki,37,AF,1-------,,34.45147,134.24332,true
JP,YHI,Yoshiumi,Yoshiumi,38,AF,1-3-----,,34.13333333333333,133.03333333333333,
JP,YSU,Yoshiura,Yoshiura,34,AF,1-------,,36.793835,137.374258,true
JP,YSR,Yoshiura/Misumi,Yoshiura/Misumi,32,AF,1-------,,34.36667,131.25,true
JP,YHA,Yoshiura/Yunotsu,Yoshiura/Yunotsu,32,AF,1-------,,34.81667,131.96667,true
JP,YSZ,Yoshizu,Yoshizu,24,AF,1-------,,35.48333,133.25,true
JP,YKD,"Yotsukaido, Chiba","Yotsukaido, Chiba",12,AF,-----6--,,35.65,140.16666666666666,
JP,YOT,Yotsukura,Yotsukura,07,AF,1-------,,,,
JP,YOU,Youra,Youra,44,AF,1-------,,33.075226,131.994074,true
JP,YAZ,Yuasa,Yuasa,30,AF,--3-----,,34.03333333333333,135.18333333333334,
JP,YSH,Yuasahiro,Yuasahiro,30,AF,1-------,,,,
JP,YBT,Yubetsu,Yubetsu,01,AF,1-------,,44.1515091,143.5730311,true
JP,YDM,Yudomari,Yudomari,46,AF,1-------,,30.2374725,130.4736757,true
JP,YGE,Yuge,Yuge,38,AF,1-------,,34.591484,135.6068917,true
JP,YKI,Yuki,Yuki,08,AF,--3-----,,36.3,139.88333333333333,
JP,YUK,Yuki,Yuki,36,AF,1-------,,36.3052945,139.8771403,true
JP,YKH,Yukuhashi,Yukuhashi,40,RL,--3-----,,33.71666666666667,130.96666666666667,
JP,YMC,Yumachi,Yumachi,32,AF,1-------,,35.430206,133.013432,true
JP,YMU,Yumugi,Yumugi,46,AF,1-------,,30.45105,130.25176,true
JP,YNM,Yunomochiki,Yunomochiki,46,AF,1-------,,,,
JP,YNT,Yunotsu,Yunotsu,32,AF,1-------,,35.10197,132.35556,true
JP,YRA,"Yura, Hyogo","Yura, Hyogo",28,AF,1-------,,34.6802516,135.1657515,true
JP,YUR,"Yura, Wakayama","Yura, Wakayama",30,AF,1-------,,34.2342931,135.1783549,true
JP,YUJ,"Yura, Yamagata","Yura, Yamagata",06,AF,1-------,,38.2553393,140.3400205,true
JP,YUA,"Yura, Yamaguchi","Yura, Yamaguchi",35,AF,1-------,,34.1781317,131.4737077,true
JP,YRG,Yurigahama,Yurigahama,46,AF,1-------,,,,
JP,YIO,"Yurihonjo, Akita","Yurihonjo, Akita",05,AF,-----6--,,39.38333333333333,140.03333333333333,
JP,YUS,Yusu,Yusu,38,AF,1-------,,33.191879,132.453354,true
JP,YTI,Yutai,Yutai,38,AF,1-------,,33.0503023,132.4530998,true
JP,YUU,Yuu,Yuu,35,AF,1-------,,33.9341838,132.4398912,true
JP,YWN,Yuwan,Yuwan,46,AF,1-------,,28.2798274,129.2976451,true
JP,YUZ,Yuza,Yuza,06,AF,-23-----,,39,139.91666666666666,
JP,ZWA,"Yuzawa, Akita","Yuzawa, Akita",05,AF,-----6--,,39.166666666666664,140.5,
JP,YNW,"Yuzawa, Niigata","Yuzawa, Niigata",15,AF,-----6--,,36.93333333333333,138.81666666666666,
JP,ZAM,Zama,Zama,14,AF,-----6--,,35.483333333333334,139.38333333333333,
JP,ZMM,Zamami,Zamami,47,AF,1-------,,26.2289001,127.3031662,true
JP,AXZ,Zushi,Zushi,14,AF,1----6--,,35.28333333333333,139.58333333333334,